id	ingested	verification	verdict	flags
intake-272	2026-04-06	dive-verified	new_opportunity	A
intake-346	2026-04-12	dive-overturned	worth_investigating	AC
intake-408	2026-04-17	dive-verified	worth_investigating	B
intake-664	2026-06-03	dive-overturned	worth_investigating	A
intake-667	2026-06-03	dive-verified	adopt_component	A
intake-772	2026-07-02	dive-verified	adopt_patterns	C
intake-779	2026-07-08	dive-verified	adopt_patterns	C
intake-896	2026-07-25	dive-overturned	adopt_patterns	C
intake-901	2026-07-27	dive-verified	adopt_patterns	A
intake-903	2026-07-28	dive-verified	worth_investigating	A
intake-904	2026-07-28	dive-verified	worth_investigating	A
intake-905	2026-07-28	dive-verified	worth_investigating	A
intake-906	2026-07-28	dive-verified	worth_investigating	A
intake-908	2026-07-28	dive-overturned	worth_investigating	A
intake-910	2026-07-28	dive-verified	worth_investigating	B
intake-911	2026-07-28	dive-verified	worth_investigating	B
intake-914	2026-07-29	dive-verified	adopt_patterns	A
intake-915	2026-07-29	dive-verified	adopt_patterns	A
intake-916	2026-07-29	dive-verified	adopt_component	AB
intake-917	2026-07-29	dive-overturned	new_opportunity	A
intake-918	2026-07-29	dive-verified	worth_investigating	A
intake-919	2026-07-29	dive-verified	adopt_patterns	AB
intake-920	2026-07-29	dive-verified	worth_investigating	A
intake-924	2026-07-29	dive-verified	worth_investigating	A
intake-928	2026-07-29	dive-overturned	worth_investigating	A
intake-930	2026-07-29	dive-overturned	adopt_patterns	AB
intake-933	2026-07-29	dive-verified	adopt_patterns	A
intake-934	2026-07-29	dive-overturned	adopt_patterns	A
intake-935	2026-07-29	dive-verified	adopt_patterns	A
intake-936	2026-07-29	dive-overturned	adopt_patterns	A
intake-937	2026-07-29	dive-verified	already_integrated	A
intake-938	2026-08-03	dive-overturned	adopt_patterns	A
intake-939	2026-08-03	dive-verified	adopt_patterns	A
intake-945	2026-08-03	dive-verified	worth_investigating	A
intake-947	2026-08-03	dive-verified	adopt_patterns	A
intake-950	2026-08-03	dive-verified	adopt_patterns	A
intake-954	2026-08-03	dive-verified	adopt_component	A
intake-957	2026-08-03	dive-verified	not_applicable	A
intake-958	2026-08-03	dive-verified	not_applicable	A
intake-959	2026-08-03	dive-verified	worth_investigating	A
intake-960	2026-08-03	dive-verified	adopt_component	AC
intake-961	2026-08-03	dive-verified	worth_investigating	A
intake-962	2026-08-03	dive-verified	worth_investigating	AC
intake-963	2026-08-03	dive-verified	worth_investigating	A
intake-964	2026-08-03	dive-verified	adopt_component	AC
intake-965	2026-08-03	dive-verified	worth_investigating	AC
intake-966	2026-08-03	dive-verified	adopt_patterns	AC
intake-967	2026-08-03	dive-verified	worth_investigating	AC
intake-968	2026-08-03	dive-verified	adopt_patterns	AC
intake-969	2026-08-03	dive-verified	adopt_component	AC
intake-970	2026-08-03	dive-verified	adopt_patterns	AC
intake-971	2026-08-03	dive-overturned	adopt_component	A
intake-972	2026-08-03	dive-verified	not_applicable	A
intake-973	2026-08-03	dive-verified	adopt_patterns	A
intake-974	2026-08-03	dive-verified	adopt_patterns	A
intake-975	2026-08-03	dive-verified	worth_investigating	AC
intake-976	2026-08-03	dive-verified	adopt_patterns	A
intake-977	2026-08-03	dive-verified	worth_investigating	A
intake-978	2026-08-03	dive-verified	adopt_patterns	A
intake-979	2026-08-03	dive-verified	adopt_patterns	AC
intake-980	2026-08-03	dive-verified	worth_investigating	AC
intake-981	2026-08-03	dive-verified	worth_investigating	AC
intake-982	2026-08-03	dive-verified	adopt_patterns	AC
intake-983	2026-08-03	dive-verified	adopt_patterns	A
intake-984	2026-08-03	dive-verified	adopt_patterns	AC
intake-985	2026-08-03	dive-verified	adopt_component	AC
intake-986	2026-08-03	dive-verified	not_applicable	AC
intake-987	2026-08-03	dive-verified	not_applicable	AC
intake-988	2026-08-03	dive-verified	adopt_patterns	A
intake-989	2026-08-03	dive-verified	adopt_patterns	AC
intake-990	2026-08-03	dive-verified	worth_investigating	A
intake-991	2026-08-05	dive-overturned	worth_investigating	A
intake-992	2026-08-05	dive-overturned	worth_investigating	A
intake-993	2026-08-05	dive-verified	worth_investigating	A
intake-994	2026-08-05	dive-verified	worth_investigating	A
intake-996	2026-08-05	dive-overturned	worth_investigating	A
intake-997	2026-08-05	dive-overturned	worth_investigating	A
intake-998	2026-08-05	dive-overturned	worth_investigating	A
intake-999	2026-08-05	dive-verified	adopt_patterns	A
intake-1000	2026-08-05	dive-verified	adopt_patterns	A
intake-1001	2026-08-05	dive-overturned	superseded	A
intake-1002	2026-08-05	dive-verified	adopt_patterns	A
intake-1003	2026-08-05	dive-overturned	worth_investigating	A
intake-1004	2026-08-05	dive-overturned	superseded	A
intake-1006	2026-08-07	dive-verified	worth_investigating	A
intake-1007	2026-08-07	dive-overturned	adopt_patterns	A
intake-1008	2026-08-07	dive-verified	superseded	A
intake-1009	2026-08-07	dive-verified	adopt_patterns	A
intake-1010	2026-08-07	dive-verified	adopt_patterns	A
intake-1012	2026-08-07	dive-verified	worth_investigating	A
intake-1014	2026-08-07	dive-verified	worth_investigating	A
intake-1015	2026-08-07	dive-verified	superseded	A
intake-1016	2026-08-07	dive-verified	adopt_patterns	A
intake-1017	2026-08-07	dive-verified	adopt_patterns	A
intake-1018	2026-08-07	dive-verified	worth_investigating	A
intake-1019	2026-08-07	dive-verified	worth_investigating	A
intake-1020	2026-08-07	dive-verified	adopt_patterns	A
intake-1021	2026-08-07	dive-verified	adopt_component	A
intake-1022	2026-08-07	dive-verified	adopt_patterns	A
intake-1023	2026-08-07	dive-verified	adopt_patterns	A
intake-1024	2026-08-09	dive-verified	worth_investigating	A
intake-1025	2026-08-09	dive-verified	adopt_patterns	A
intake-1026	2026-08-09	dive-verified	adopt_patterns	A
intake-1028	2026-08-09	dive-verified	adopt_patterns	A
intake-1029	2026-08-09	dive-verified	adopt_patterns	A
intake-1030	2026-08-09	dive-verified	adopt_patterns	A
intake-1031	2026-08-09	dive-verified	adopt_patterns	A
intake-1032	2026-08-09	dive-verified	adopt_patterns	A
intake-1033	2026-08-09	dive-verified	worth_investigating	AC
intake-1034	2026-08-09	dive-verified	adopt_patterns	A
intake-1035	2026-08-09	dive-verified	worth_investigating	A
intake-1036	2026-08-09	dive-verified	worth_investigating	A
intake-1037	2026-08-09	dive-verified	adopt_patterns	A
intake-1041	2026-08-09	dive-verified	adopt_patterns	A
intake-1042	2026-08-09	dive-verified	adopt_patterns	A
intake-1043	2026-08-09	dive-verified	adopt_patterns	A
intake-1044	2026-08-09	dive-verified	adopt_patterns	A
intake-1045	2026-08-09	dive-verified	adopt_patterns	A
intake-1046	2026-08-09	dive-verified	adopt_patterns	AC
intake-1047	2026-08-09	dive-verified	adopt_patterns	AC
intake-1048	2026-08-09	dive-verified	adopt_patterns	AC
intake-1049	2026-08-09	dive-verified	adopt_patterns	A
intake-1050	2026-08-09	dive-verified	adopt_patterns	A
intake-1051	2026-08-09	dive-verified	adopt_patterns	AC
intake-1052	2026-08-09	dive-verified	adopt_patterns	AC
intake-1053	2026-08-09	dive-verified	adopt_patterns	AC
intake-1054	2026-08-09	dive-verified	adopt_patterns	AC
intake-1055	2026-08-09	dive-verified	worth_investigating	A
intake-1056	2026-08-09	dive-verified	adopt_patterns	AC
intake-1057	2026-08-09	dive-verified	not_applicable	AC
intake-1058	2026-08-09	dive-verified	adopt_patterns	AC
intake-1059	2026-08-09	dive-verified	adopt_patterns	AC
intake-1060	2026-08-09	dive-verified	adopt_patterns	A
intake-1061	2026-08-09	dive-verified	adopt_patterns	AC
intake-1062	2026-08-09	dive-verified	adopt_patterns	A
intake-1063	2026-08-09	dive-verified	adopt_component	A
intake-1064	2026-08-09	dive-verified	adopt_patterns	A
intake-1066	2026-08-09	dive-verified	adopt_patterns	A
intake-1067	2026-08-09	dive-verified	adopt_patterns	C
intake-1068	2026-08-10	dive-verified	worth_investigating	A
intake-1069	2026-08-10	dive-verified	worth_investigating	A
intake-1070	2026-08-10	dive-verified	worth_investigating	A
intake-1071	2026-08-10	dive-verified	worth_investigating	A
intake-1072	2026-08-10	dive-verified	adopt_patterns	AC
intake-1075	2026-08-10	dive-overturned	adopt_patterns	A
intake-1076	2026-08-10	dive-verified	adopt_patterns	A
intake-1078	2026-08-10	dive-verified	adopt_patterns	A
intake-1083	2026-08-10	dive-verified	adopt_patterns	AB
intake-1084	2026-08-10	dive-overturned	worth_investigating	A
intake-1085	2026-08-10	dive-verified	adopt_patterns	A
intake-1087	2026-08-10	dive-verified	adopt_patterns	A
intake-1094	2026-08-10	dive-verified	adopt_patterns	B
intake-1098	2026-08-10	dive-verified	adopt_patterns	B
intake-1099	2026-08-10	dive-verified	worth_investigating	B
intake-1100	2026-08-10	dive-verified	adopt_patterns	B
intake-1116	2026-08-13	dive-verified	adopt_patterns	C
intake-1120	2026-08-13	dive-verified	adopt_patterns	C
intake-1128	2026-08-14	dive-verified	worth_investigating	B
intake-1130	2026-08-14	dive-verified	worth_investigating	B
intake-1142	2026-08-15	dive-verified	adopt_patterns	B
intake-1146	2026-08-15	dive-verified	adopt_patterns	C
intake-1149	2026-08-16	dive-verified	adopt_patterns	AB
intake-1153	2026-08-18	dive-verified	adopt_patterns	A
intake-1154	2026-08-18	dive-verified	adopt_patterns	A
intake-1155	2026-08-18	dive-verified	already_integrated	A
intake-1156	2026-08-18	dive-verified	adopt_patterns	A
intake-1157	2026-08-18	dive-verified	adopt_patterns	A
intake-1158	2026-08-18	dive-verified	superseded	AC
intake-1159	2026-08-18	dive-verified	worth_investigating	A
intake-1160	2026-08-18	dive-verified	adopt_patterns	A
intake-1175	2026-08-19	dive-verified	adopt_patterns	A
intake-1178	2026-08-19	dive-verified	adopt_patterns	AB
intake-1182	2026-08-19	dive-verified	adopt_patterns	A
intake-1183	2026-08-19	dive-verified	adopt_patterns	A
intake-1185	2026-08-19	dive-overturned	worth_investigating	A
intake-1186	2026-08-19	dive-verified	new_opportunity	A
intake-1189	2026-08-19	dive-verified	worth_investigating	A
intake-1190	2026-08-19	dive-verified	worth_investigating	A
intake-1206	2026-08-20	dive-verified	adopt_patterns	B
intake-1212	2026-08-20	dive-verified	adopt_component	B
intake-1221	2026-08-21	dive-verified	adopt_patterns	B
intake-1222	2026-08-21	dive-verified	adopt_patterns	B
intake-1223	2026-08-21	dive-verified	adopt_component	A
intake-1224	2026-08-21	dive-verified	adopt_patterns	A
intake-1225	2026-08-21	dive-verified	adopt_component	A
intake-1226	2026-08-21	dive-verified	adopt_patterns	A
intake-1227	2026-08-21	dive-verified	adopt_component	AB
intake-1228	2026-08-21	dive-verified	adopt_patterns	AB
intake-1229	2026-08-21	dive-verified	adopt_patterns	A
intake-1230	2026-08-21	dive-verified	adopt_patterns	A
intake-1231	2026-08-21	dive-verified	worth_investigating	AB
intake-1232	2026-08-21	dive-verified	worth_investigating	A
intake-1233	2026-08-21	dive-verified	superseded	A
intake-1234	2026-08-21	dive-verified	adopt_patterns	A
intake-1235	2026-08-21	dive-verified	adopt_patterns	A
intake-1236	2026-08-21	dive-verified	adopt_patterns	A
intake-1237	2026-08-21	dive-verified	adopt_patterns	A
intake-1238	2026-08-21	dive-verified	adopt_patterns	A
intake-1239	2026-08-21	dive-verified	worth_investigating	AB
intake-1240	2026-08-21	dive-verified	adopt_patterns	A
intake-1241	2026-08-21	dive-verified	adopt_patterns	C
intake-1242	2026-08-21	dive-verified	adopt_patterns	C
intake-1244	2026-08-21	dive-verified	adopt_patterns	C
intake-1245	2026-08-21	dive-verified	adopt_patterns	C
intake-1248	2026-08-21	dive-verified	adopt_patterns	B
intake-1268	2026-08-21	dive-overturned	worth_investigating	B
intake-1271	2026-08-21	dive-verified	worth_investigating	A
intake-1273	2026-08-21	dive-verified	worth_investigating	B
intake-1278	2026-08-21	dive-verified	superseded	B
intake-1280	2026-08-22	dive-verified	adopt_patterns	B
intake-1291	2026-08-22	dive-verified	adopt_patterns	B
intake-1316	2026-09-07	dive-overturned	adopt_patterns	B
intake-1318	2026-09-07	dive-verified	adopt_patterns	B
intake-1323	2026-09-07	dive-verified	adopt_patterns	B
intake-1330	2026-09-07	dive-verified	adopt_component	B
intake-1332	2026-09-07	dive-verified	adopt_patterns	B
intake-1333	2026-09-07	dive-verified	adopt_patterns	B
intake-1334	2026-09-07	dive-verified	adopt_patterns	B
intake-1335	2026-09-07	dive-verified	superseded	B
intake-1336	2026-09-07	dive-verified	adopt_component	B
intake-1337	2026-09-07	dive-verified	adopt_patterns	B
intake-1340	2026-09-07	dive-verified	adopt_patterns	B
intake-1341	2026-09-07	dive-overturned	adopt_patterns	B
intake-1342	2026-09-07	dive-verified	adopt_patterns	B
intake-1345	2026-09-07	dive-verified	adopt_patterns	B
intake-1348	2026-09-14	dive-verified	worth_investigating	B
intake-1350	2026-09-14	dive-verified	adopt_patterns	B
intake-1355	2026-09-14	dive-verified	adopt_patterns	B
intake-1356	2026-09-14	dive-verified	worth_investigating	B
intake-1357	2026-09-14	dive-verified	adopt_patterns	B
intake-1364	2026-09-14	dive-verified	worth_investigating	B
intake-1365	2026-09-14	dive-verified	adopt_patterns	B
intake-1366	2026-09-14	dive-verified	adopt_component	B
intake-1367	2026-09-14	dive-verified	worth_investigating	B
intake-1371	2026-09-14	dive-verified	adopt_patterns	B
intake-1372	2026-09-14	dive-verified	adopt_patterns	B
intake-1381	2026-09-15	dive-verified	worth_investigating	B
intake-1384	2026-09-15	dive-verified	adopt_patterns	B
intake-1387	2026-09-15	dive-verified	adopt_patterns	B
intake-1389	2026-09-15	dive-verified	worth_investigating	B
intake-1392	2026-09-15	dive-verified	adopt_patterns	B
intake-1393	2026-09-15	dive-verified	adopt_patterns	B
intake-1394	2026-09-15	dive-verified	adopt_patterns	B
intake-1395	2026-09-15	dive-verified	adopt_patterns	B
intake-1396	2026-09-15	dive-verified	adopt_patterns	B
intake-1411	2026-09-15	dive-overturned	not_applicable	C
intake-1412	2026-09-15	dive-verified	not_applicable	C
intake-1413	2026-09-15	dive-verified	worth_investigating	C
intake-1414	2026-09-15	dive-verified	superseded	C
intake-1415	2026-09-15	dive-verified	not_applicable	C
intake-1416	2026-09-15	dive-verified	superseded	C
intake-1417	2026-09-15	dive-verified	worth_investigating	C
intake-1419	2026-09-15	dive-verified	worth_investigating	C
intake-1420	2026-09-15	dive-verified	worth_investigating	C
intake-1421	2026-09-15	dive-verified	not_applicable	C
intake-1422	2026-09-15	dive-verified	not_applicable	C
intake-1423	2026-09-15	dive-verified	not_applicable	C
intake-1424	2026-09-15	dive-verified	already_integrated	C
intake-1425	2026-09-15	dive-verified	adopt_patterns	B
intake-1426	2026-09-15	dive-verified	worth_investigating	B
intake-1427	2026-09-15	dive-verified	worth_investigating	B
intake-1428	2026-09-15	dive-overturned	already_integrated	B
intake-1438	2026-09-16	dive-verified	worth_investigating	C
intake-1446	2026-09-17	dive-verified	adopt_component	A
intake-1448	2026-09-17	dive-verified	adopt_patterns	C
intake-1450	2026-09-17	dive-verified	worth_investigating	A
intake-1451	2026-09-17	dive-verified	adopt_patterns	C
intake-1453	2026-09-17	dive-verified	adopt_component	A
intake-1454	2026-09-17	dive-verified	adopt_component	A
intake-1455	2026-09-17	dive-verified	adopt_component	A
intake-1457	2026-09-17	dive-verified	adopt_patterns	C
intake-1458	2026-09-17	dive-verified	adopt_component	A
intake-1459	2026-09-17	dive-verified	worth_investigating	A
intake-1463	2026-09-17	dive-verified	adopt_patterns	B
intake-1468	2026-09-17	dive-verified	adopt_patterns	B
intake-1469	2026-09-17	dive-verified	adopt_patterns	B
intake-1470	2026-09-17	dive-verified	worth_investigating	B
intake-1474	2026-09-17	dive-verified	worth_investigating	C
intake-1475	2026-09-17	dive-verified	worth_investigating	C
intake-1478	2026-09-17	dive-verified	worth_investigating	C
intake-1479	2026-09-17	dive-verified	worth_investigating	C
intake-1481	2026-09-17	dive-overturned	worth_investigating	C
intake-1483	2026-09-17	dive-verified	worth_investigating	C
intake-1484	2026-09-17	dive-verified	worth_investigating	C
intake-1488	2026-09-17	dive-verified	worth_investigating	C
intake-1489	2026-09-17	dive-verified	not_applicable	C
intake-1491	2026-09-17	dive-verified	not_applicable	C
intake-1505	2026-09-23	dive-verified	worth_investigating	B
intake-1508	2026-09-23	dive-verified	worth_investigating	B
intake-1510	2026-09-23	dive-verified	adopt_patterns	B
intake-1512	2026-09-23	dive-verified	adopt_patterns	B
intake-1518	2026-09-23	dive-verified	already_integrated	B
intake-1549	2026-09-25	dive-verified	already_integrated	C
intake-1558	2026-09-25	dive-verified	adopt_patterns	B
intake-1559	2026-09-25	dive-verified	adopt_patterns	B
intake-1562	2026-09-25	dive-verified	adopt_patterns	B
intake-1564	2026-09-25	dive-verified	adopt_patterns	C
intake-1575	2026-09-25	dive-verified	adopt_component	C
intake-1579	2026-09-25	dive-verified	adopt_patterns	AC
intake-1580	2026-09-25	dive-verified	worth_investigating	A
intake-1581	2026-09-25	dive-verified	worth_investigating	AC
intake-1582	2026-09-25	dive-verified	worth_investigating	B
intake-1599	2026-09-25	dive-verified	adopt_patterns	C
intake-1602	2026-09-25	dive-verified	already_integrated	C
intake-1603	2026-09-25	dive-verified	adopt_patterns	C
intake-1608	2026-09-25	dive-verified	already_integrated	C
intake-1611	2026-09-25	dive-verified	adopt_patterns	C
intake-1615	2026-09-25	dive-verified	not_applicable	C
intake-1617	2026-09-25	dive-verified	adopt_patterns	C
intake-1619	2026-09-25	dive-verified	adopt_patterns	C
intake-1621	2026-09-25	dive-verified	adopt_patterns	C
intake-1622	2026-09-25	dive-verified	adopt_patterns	C
intake-1623	2026-09-25	dive-verified	adopt_patterns	C
intake-1680	2026-09-25	dive-verified	adopt_patterns	B
intake-1681	2026-09-25	dive-verified	adopt_patterns	C
intake-1716	2026-09-25	dive-verified	adopt_patterns	B
intake-1745	2026-09-25	dive-verified	adopt_patterns	C
intake-1746	2026-09-25	dive-verified	adopt_patterns	C
intake-1747	2026-09-25	dive-verified	adopt_patterns	C
intake-1761	2026-09-25	dive-overturned	superseded	C
intake-1762	2026-09-25	dive-overturned	superseded	C
intake-1772	2026-09-25	dive-overturned	adopt_patterns	C
intake-1777	2026-09-25	dive-verified	adopt_patterns	C
intake-1779	2026-09-25	dive-verified	adopt_patterns	C
intake-1785	2026-09-26	dive-verified	adopt_patterns	B
intake-1796	2026-09-26	dive-verified	adopt_patterns	B
intake-1803	2026-09-26	dive-overturned	worth_investigating	B
intake-1815	2026-09-26	dive-verified	worth_investigating	B
intake-1819	2026-09-26	dive-verified	adopt_patterns	B
intake-1820	2026-09-26	dive-verified	worth_investigating	B
intake-1821	2026-09-26	dive-verified	worth_investigating	B
intake-1828	2026-10-03	dive-verified	superseded	C
intake-1831	2026-10-03	dive-verified	superseded	C
intake-1840	2026-10-03	dive-verified	worth_investigating	AC
intake-1843	2026-10-03	dive-verified	superseded	C
intake-1844	2026-10-03	dive-verified	worth_investigating	C
intake-1874	2026-10-03	dive-verified	adopt_patterns	C
intake-1875	2026-10-03	dive-verified	adopt_patterns	C
intake-1880	2026-10-03	dive-verified	adopt_patterns	B
intake-1882	2026-10-03	dive-verified	adopt_patterns	C
intake-1883	2026-10-03	dive-verified	adopt_patterns	C
intake-1884	2026-10-03	dive-verified	worth_investigating	C
intake-1889	2026-10-03	dive-verified	adopt_patterns	C
intake-1900	2026-10-06	dive-verified	worth_investigating	B
intake-1906	2026-10-06	dive-verified	worth_investigating	B
intake-1907	2026-10-06	dive-verified	worth_investigating	B
intake-1911	2026-10-06	dive-verified	worth_investigating	B
intake-1918	2026-10-06	dive-verified	worth_investigating	B
intake-1919	2026-10-06	dive-verified	worth_investigating	B
intake-1920	2026-10-06	dive-verified	worth_investigating	B
intake-1921	2026-10-06	dive-verified	worth_investigating	B
intake-1922	2026-10-06	dive-verified	not_applicable	B
