layout	rows	n_kv	kv	arm	median_us	min_us	max_us	rounds	ratio_vs_A
single	1	16384	q8_0	A	263.96	263.93	264.25	3	1.0
single	1	16384	q8_0	B	264.16	264.08	264.26	3	1.0007576905591757
single	1	16384	q8_0	C	264.06	263.94	264.11	3	1.0003788452795879
single	1	16384	q8_0	D	263.98	263.98	264.04	3	1.0000757690559177
single	1	16384	q8_0	M	264.32	264.16	264.54	3	1.0013638430065162
single	1	16384	q8_0	D32	264.02	264.0	264.54	3	1.0002273071677528
single	1	16384	q8_0	D9	264.06	263.76	264.18	3	1.0003788452795879
single	1	131072	q8_0	A	1982.71	1979.15	1983.64	3	1.0
single	1	131072	q8_0	B	1983.74	1982.81	1998.78	3	1.0005194909996924
single	1	131072	q8_0	C	1982.98	1982.92	1983.14	3	1.0001361772523465
single	1	131072	q8_0	D	1998.09	1980.8	2001.18	3	1.0077570597818137
single	1	131072	q8_0	M	1983.77	1980.62	1984.59	3	1.0005346218055087
single	1	131072	q8_0	D32	1986.53	1982.69	1993.88	3	1.0019266559406066
single	1	131072	q8_0	D9	1996.82	1981.03	2002.46	3	1.0071165223355911
single	4	16384	q8_0	A	456.36	456.35	457.22	3	1.0
single	4	16384	q8_0	B	278.26	277.91	281.42	3	0.6097379261986151
single	4	16384	q8_0	C	281.84	278.03	281.96	3	0.6175826102200017
single	4	16384	q8_0	D	281.85	281.32	282.11	3	0.6176045227452012
single	4	16384	q8_0	M	277.98	277.85	281.55	3	0.6091243754930319
single	4	16384	q8_0	D32	278.17	277.66	282.17	3	0.6095407134718205
single	4	16384	q8_0	D9	278.34	277.58	281.71	3	0.6099132264002103
single	4	131072	q8_0	A	3463.04	3459.18	3465.74	3	1.0
single	4	131072	q8_0	B	2071.54	2069.63	2075.2	3	0.5981854093513214
single	4	131072	q8_0	C	2073.75	2069.11	2077.03	3	0.5988235769728332
single	4	131072	q8_0	D	2074.26	2074.11	2075.59	3	0.5989708464239513
single	4	131072	q8_0	M	2070.16	2069.48	2074.33	3	0.5977869155424136
single	4	131072	q8_0	D32	2068.87	2067.85	2075.72	3	0.5974144104601737
single	4	131072	q8_0	D9	2069.49	2068.8	2074.21	3	0.5975934439105525
single	9	16384	q8_0	A	480.41	479.86	480.93	3	1.0
single	9	16384	q8_0	B	546.51	546.3	547.19	3	1.1375908078516266
single	9	16384	q8_0	C	547.56	547.24	550.7	3	1.1397764409566826
single	9	16384	q8_0	D	546.28	546.27	547.71	3	1.1371120501238525
single	9	16384	q8_0	M	549.03	546.95	549.48	3	1.1428363273037612
single	9	16384	q8_0	D32	545.82	545.6	547.21	3	1.1361545346683042
single	9	16384	q8_0	D9	650.21	645.79	651.61	3	1.3534480964176432
single	9	131072	q8_0	A	3556.5	3551.99	3561.19	3	1.0
single	9	131072	q8_0	B	4213.66	4211.93	4216.02	3	1.1847771685646
single	9	131072	q8_0	C	4215.23	4212.44	4216.37	3	1.1852186138057077
single	9	131072	q8_0	D	4213.13	4209.58	4215.65	3	1.1846281456488121
single	9	131072	q8_0	M	4212.76	4210.65	4218.01	3	1.1845241107830733
single	9	131072	q8_0	D32	4212.32	4211.09	4215.9	3	1.184400393645438
single	9	131072	q8_0	D9	4881.17	4874.97	4888.83	3	1.372464501616758
single	18	16384	q8_0	A	797.58	797.44	798.22	3	1.0
single	18	16384	q8_0	B	980.93	978.14	981.93	3	1.2298828957596728
single	18	16384	q8_0	C	982.68	980.24	984.35	3	1.2320770330249002
single	18	16384	q8_0	D	981.77	980.16	982.96	3	1.230936081646982
single	18	16384	q8_0	M	980.76	980.44	981.82	3	1.2296697509967651
single	18	16384	q8_0	D32	979.45	978.3	984.28	3	1.228027282529652
single	18	16384	q8_0	D9	904.88	903.87	906.93	3	1.1345319591765088
single	18	131072	q8_0	A	7248.95	7248.11	7259.97	3	1.0
single	18	131072	q8_0	B	7726.8	7724.88	7734.23	3	1.0659198918464055
single	18	131072	q8_0	C	7727.38	7724.03	7733.59	3	1.0659999034342906
single	18	131072	q8_0	D	7730.82	7728.49	7733.78	3	1.0664744549210574
single	18	131072	q8_0	M	7730.18	7720.4	7771.09	3	1.0663861662723568
single	18	131072	q8_0	D32	7727.6	7720.01	7737.96	3	1.0660302526572816
single	18	131072	q8_0	D9	7382.65	7378.97	7384.9	3	1.018444050517661
single	27	16384	q8_0	A	795.95	794.58	797.15	3	1.0
single	27	16384	q8_0	B	986.14	985.5	986.41	3	1.2389471700483699
single	27	16384	q8_0	C	989.04	987.31	990.66	3	1.2425906149883785
single	27	16384	q8_0	D	985.86	985.85	988.31	3	1.2385953891576102
single	27	16384	q8_0	M	988.1	984.12	988.7	3	1.2414096362836862
single	27	16384	q8_0	D32	987.92	984.36	1027.78	3	1.2411834914253406
single	27	16384	q8_0	D9	1133.19	1132.24	1134.76	3	1.4236949557132985
single	27	131072	q8_0	A	6468.0	6463.62	6477.82	3	1.0
single	27	131072	q8_0	B	7733.38	7730.75	7741.71	3	1.1956369820655535
single	27	131072	q8_0	C	7738.1	7732.18	7738.44	3	1.1963667285095858
single	27	131072	q8_0	D	7742.62	7729.49	7744.26	3	1.1970655534941248
single	27	131072	q8_0	M	7735.02	7728.81	7741.98	3	1.1958905380333953
single	27	131072	q8_0	D32	7730.74	7730.15	7748.18	3	1.1952288188002473
single	27	131072	q8_0	D9	9031.09	9022.69	9031.21	3	1.3962724180581323
single	36	16384	q8_0	A	1192.56	1192.31	1194.85	3	1.0
single	36	16384	q8_0	B	986.92	984.52	1700.45	3	0.8275642315690616
single	36	16384	q8_0	C	1099.2	1086.83	1108.19	3	0.9217146307104046
single	36	16384	q8_0	D	1391.68	1388.11	1393.63	3	1.1669685382706112
single	36	16384	q8_0	M	979.49	977.66	982.6	3	0.8213339370765412
single	36	16384	q8_0	D32	1059.15	1050.51	1076.0	3	0.888131414771584
single	36	16384	q8_0	D9	1389.73	1389.5	1392.04	3	1.1653334004159122
single	36	131072	q8_0	A	11449.28	11412.39	11463.53	3	1.0
single	36	131072	q8_0	B	5768.45	5709.51	6433.64	3	0.5038264414880237
single	36	131072	q8_0	C	6567.75	6473.03	7126.47	3	0.5736386916906565
single	36	131072	q8_0	D	11640.82	11639.24	11657.55	3	1.016729436261494
single	36	131072	q8_0	M	5603.73	5546.88	5673.8	3	0.4894395106067804
single	36	131072	q8_0	D32	6044.3	6028.05	6048.5	3	0.5279196595768467
single	36	131072	q8_0	D9	11654.19	11652.07	11969.6	3	1.0178971952821487
single	512	16384	q8_0	A	10578.27	10569.09	10581.95	3	1.0
single	512	16384	q8_0	B	14284.08	14243.16	14462.43	3	1.3503228788828419
single	512	16384	q8_0	C	12228.17	12206.13	12256.27	3	1.1559706832969852
single	512	16384	q8_0	D	12232.31	12204.67	12234.02	3	1.1563620516398239
single	512	16384	q8_0	M	9554.73	9526.24	10306.06	3	0.90324126723935
single	512	16384	q8_0	D32	10286.49	10280.36	10351.67	3	0.9724170398373269
single	512	16384	q8_0	D9	12224.0	12213.21	12238.46	3	1.1555764789516623
single	512	131072	q8_0	A	86439.63	85938.47	89038.82	3	1.0
single	512	131072	q8_0	B	110959.09	110481.63	115914.68	3	1.2836599369988047
single	512	131072	q8_0	C	93936.56	93759.58	94169.8	3	1.0867302416727143
single	512	131072	q8_0	D	96571.65	96544.2	96755.21	3	1.1172149857652096
single	512	131072	q8_0	M	72310.42	72173.67	72310.45	3	0.8365424516509383
single	512	131072	q8_0	D32	79282.46	79134.05	80626.8	3	0.9172003628428304
single	512	131072	q8_0	D9	96500.74	96405.9	96731.65	3	1.1163946444472286
4x1	4	16384	q8_0	A	456.58	456.49	456.8	3	1.0
4x1	4	16384	q8_0	B	278.0	277.97	281.14	3	0.6088746769459897
4x1	4	16384	q8_0	C	281.25	277.45	281.86	3	0.6159928161548908
4x1	4	16384	q8_0	D	281.31	281.04	281.52	3	0.6161242279556705
4x1	4	16384	q8_0	M	277.5	277.44	281.11	3	0.6077795786061588
4x1	4	16384	q8_0	D32	277.61	277.24	281.54	3	0.6080205002409217
4x1	4	16384	q8_0	D9	277.93	277.93	281.24	3	0.6087213631784134
4x1	4	131072	q8_0	A	3459.57	3458.37	3461.83	3	1.0
4x1	4	131072	q8_0	B	2066.61	2064.87	2069.6	3	0.5973603655945681
4x1	4	131072	q8_0	C	2068.72	2063.6	2070.67	3	0.5979702679812808
4x1	4	131072	q8_0	D	2069.03	2068.34	2070.29	3	0.5980598744930729
4x1	4	131072	q8_0	M	2066.9	2063.25	2068.47	3	0.5974441910410832
4x1	4	131072	q8_0	D32	2064.64	2063.54	2069.58	3	0.5967909306647935
4x1	4	131072	q8_0	D9	2065.69	2064.54	2069.48	3	0.5970944365918308
drafter	1	2048	q8_0	A	40.1	40.05	40.41	3	1.0
drafter	1	2048	q8_0	B	40.1	40.09	40.4	3	1.0
drafter	1	2048	q8_0	C	40.42	40.38	40.76	3	1.0079800498753118
drafter	1	2048	q8_0	D	40.09	40.07	40.17	3	0.9997506234413965
drafter	1	2048	q8_0	M	40.46	40.4	40.51	3	1.0089775561097256
drafter	1	2048	q8_0	D32	40.64	40.06	41.41	3	1.0134663341645884
drafter	1	2048	q8_0	D9	40.49	40.46	40.73	3	1.0097256857855361
drafter	1	2304	q8_0	A	42.11	41.92	42.2	3	1.0
drafter	1	2304	q8_0	B	41.93	41.61	42.47	3	0.9957254808834006
drafter	1	2304	q8_0	C	41.6	41.56	41.75	3	0.9878888625029685
drafter	1	2304	q8_0	D	41.7	41.57	41.96	3	0.9902635953455237
drafter	1	2304	q8_0	M	41.55	41.25	41.69	3	0.9867014960816908
drafter	1	2304	q8_0	D32	41.45	41.43	42.07	3	0.9843267632391357
drafter	1	2304	q8_0	D9	41.61	41.59	42.06	3	0.988126335787224
drafter	9	2048	q8_0	A	70.59	70.5	70.82	3	1.0
drafter	9	2048	q8_0	B	121.79	118.27	124.11	3	1.725315200453322
drafter	9	2048	q8_0	C	130.81	130.0	131.17	3	1.8530953392831846
drafter	9	2048	q8_0	D	130.96	130.54	131.14	3	1.8552202861595126
drafter	9	2048	q8_0	M	121.91	121.2	122.01	3	1.7270151579543844
drafter	9	2048	q8_0	D32	131.51	130.54	254.45	3	1.8630117580393821
drafter	9	2048	q8_0	D9	130.76	130.6	131.92	3	1.8523870236577418
drafter	9	2304	q8_0	A	72.49	72.46	72.51	3	1.0
drafter	9	2304	q8_0	B	118.81	117.83	119.74	3	1.6389846875431096
drafter	9	2304	q8_0	C	130.34	129.51	130.37	3	1.7980411091184993
drafter	9	2304	q8_0	D	130.11	129.58	130.56	3	1.7948682576907162
drafter	9	2304	q8_0	M	125.3	123.29	125.73	3	1.728514277831425
drafter	9	2304	q8_0	D32	130.0	129.03	130.39	3	1.7933508070078632
drafter	9	2304	q8_0	D9	131.16	129.75	131.33	3	1.8093530142088565
drafter	64	2048	q8_0	A	250.15	249.55	251.34	3	1.0
drafter	64	2048	q8_0	B	185.21	184.09	186.57	3	0.7403957625424745
drafter	64	2048	q8_0	C	182.86	181.65	184.14	3	0.7310013991605038
drafter	64	2048	q8_0	D	182.89	182.01	182.9	3	0.7311213272036777
drafter	64	2048	q8_0	M	184.42	183.83	184.48	3	0.7372376574055566
drafter	64	2048	q8_0	D32	183.09	181.62	184.71	3	0.7319208474915051
drafter	64	2048	q8_0	D9	183.48	182.65	185.36	3	0.7334799120527683
drafter	64	2304	q8_0	A	328.94	328.51	329.29	3	1.0
drafter	64	2304	q8_0	B	183.87	181.13	185.31	3	0.5589773210919925
drafter	64	2304	q8_0	C	182.51	182.4	184.5	3	0.554842828479358
drafter	64	2304	q8_0	D	182.66	182.65	183.03	3	0.5552988386939868
drafter	64	2304	q8_0	M	185.52	184.72	185.52	3	0.5639934334529094
drafter	64	2304	q8_0	D32	182.85	182.74	183.98	3	0.5558764516325165
drafter	64	2304	q8_0	D9	183.81	183.6	298.44	3	0.5587949170061409
