api_url	http://localhost:8000
architect_critic	http://localhost:8083
architect_general	http://localhost:8074
coder	http://localhost:8083
coder_escalation	http://localhost:8083
frontdoor	full:http://localhost:8070,http://localhost:8080,http://localhost:8180
ingest_long_context	http://localhost:8083
ocr_server	http://localhost:9001
toolrunner	http://localhost:8070
vision_api	http://localhost:8000/v1/vision/analyze
vision_escalation	http://localhost:8086
worker	http://localhost:8070
worker_coder	http://localhost:8102
worker_explore	http://localhost:8070
worker_fast	http://localhost:8102
worker_general	http://localhost:8070
worker_math	http://localhost:8070
worker_summarize	full:http://localhost:8070,http://localhost:8080,http://localhost:8180
worker_vision	http://localhost:8086
