tag	kv	R	prompt	ubatch_idx	pos0	n_tokens	decode_rc	feat_nonfinite	feat_total	feat_max_abs	logits_nonfinite	fa_bad_ops	t_ms
armA	f16	2048	probe_olymp00.txt	0	0	260	0	0	6656000	280.893	0	0	586.7
armA	f16	9	probe_long2k_a.txt	0	0	9	0	0	230400	281.671	0	0	95.1
armA	f16	9	probe_long2k_a.txt	1	9	9	0	0	230400	206.748	0	0	85.8
armA	f16	9	probe_long2k_a.txt	2	18	9	0	0	230400	204.652	0	0	96.0
armA	f16	9	probe_long2k_a.txt	3	27	9	0	0	230400	206.403	0	0	68.9
armA	f16	9	probe_long2k_a.txt	4	36	9	0	0	230400	204.528	0	0	68.7
armA	f16	9	probe_long2k_a.txt	5	45	9	0	0	230400	205.148	0	0	68.6
armA	f16	9	probe_long2k_a.txt	6	54	9	0	0	230400	201.695	0	0	68.6
armA	f16	9	probe_long2k_a.txt	7	63	9	0	0	230400	213.378	0	0	68.6
armA	f16	9	probe_long2k_a.txt	8	72	9	0	0	230400	235.753	0	0	68.6
armA	f16	9	probe_long2k_a.txt	9	81	9	0	0	230400	202.09	0	0	68.6
armA	f16	9	probe_long2k_a.txt	10	90	9	0	0	230400	202.795	0	0	68.7
armA	f16	9	probe_long2k_a.txt	11	99	9	0	0	230400	219.892	0	0	68.6
armA	f16	9	probe_long2k_a.txt	12	108	9	0	0	230400	230.625	0	0	68.6
armA	f16	9	probe_long2k_a.txt	13	117	9	0	0	230400	205.567	0	0	68.6
armA	f16	9	probe_long2k_a.txt	14	126	9	0	0	230400	218.553	0	0	68.7
armA	f16	9	probe_long2k_a.txt	15	135	9	0	0	230400	216.486	0	0	68.6
armA	f16	9	probe_long2k_a.txt	16	144	9	0	0	230400	174.805	0	0	78.2
armA	f16	9	probe_long2k_a.txt	17	153	9	0	0	230400	193.452	0	0	68.6
armA	f16	9	probe_long2k_a.txt	18	162	9	0	0	230400	218.976	0	0	68.5
armA	f16	9	probe_long2k_a.txt	19	171	9	0	0	230400	221.551	0	0	68.5
armA	f16	9	probe_long2k_a.txt	20	180	9	0	0	230400	241.403	0	0	68.6
armA	f16	9	probe_long2k_a.txt	21	189	9	0	0	230400	230.241	0	0	68.6
armA	f16	9	probe_long2k_a.txt	22	198	9	0	0	230400	208.375	0	0	68.7
armA	f16	9	probe_long2k_a.txt	23	207	9	0	0	230400	196.02	0	0	68.6
armA	f16	9	probe_long2k_a.txt	24	216	9	0	0	230400	209.497	0	0	68.6
armA	f16	9	probe_long2k_a.txt	25	225	9	0	0	230400	226.312	0	0	68.5
armA	f16	9	probe_long2k_a.txt	26	234	9	0	0	230400	197.609	0	0	68.6
armA	f16	9	probe_long2k_a.txt	27	243	9	0	0	230400	206.538	0	0	68.6
armA	f16	9	probe_long2k_a.txt	28	252	9	0	0	230400	216.531	0	0	70.0
armA	f16	9	probe_long2k_a.txt	29	261	9	0	0	230400	210.51	0	0	73.7
armA	f16	9	probe_long2k_a.txt	30	270	9	0	0	230400	205.759	0	0	122.1
armA	f16	9	probe_long2k_a.txt	31	279	9	0	0	230400	220.901	0	0	110.8
armA	f16	9	probe_long2k_a.txt	32	288	9	0	0	230400	178.429	0	0	68.8
armA	f16	9	probe_long2k_a.txt	33	297	9	0	0	230400	208.752	0	0	68.7
armA	f16	9	probe_long2k_a.txt	34	306	9	0	0	230400	194.767	0	0	68.7
armA	f16	9	probe_long2k_a.txt	35	315	9	0	0	230400	203.858	0	0	68.6
armA	f16	9	probe_long2k_a.txt	36	324	9	0	0	230400	185.769	0	0	68.6
armA	f16	9	probe_long2k_a.txt	37	333	9	0	0	230400	215.797	0	0	68.7
armA	f16	9	probe_long2k_a.txt	38	342	9	0	0	230400	173.602	0	0	68.7
armA	f16	9	probe_long2k_a.txt	39	351	9	0	0	230400	218.954	0	0	68.7
armA	f16	9	probe_long2k_a.txt	40	360	9	0	0	230400	209.33	0	0	68.8
armA	f16	9	probe_long2k_a.txt	41	369	9	0	0	230400	232.461	0	0	68.7
armA	f16	9	probe_long2k_a.txt	42	378	9	0	0	230400	234.591	0	0	70.7
armA	f16	9	probe_long2k_a.txt	43	387	9	0	0	230400	229.831	0	0	68.7
armA	f16	9	probe_long2k_a.txt	44	396	9	0	0	230400	229.353	0	0	77.9
armA	f16	9	probe_long2k_a.txt	45	405	9	0	0	230400	212.223	0	0	68.7
armA	f16	9	probe_long2k_a.txt	46	414	9	0	0	230400	221.17	0	0	68.6
armA	f16	9	probe_long2k_a.txt	47	423	9	0	0	230400	210.321	0	0	68.6
armA	f16	9	probe_long2k_a.txt	48	432	9	0	0	230400	231.459	0	0	68.7
armA	f16	9	probe_long2k_a.txt	49	441	9	0	0	230400	234.021	0	0	68.7
armA	f16	9	probe_long2k_a.txt	50	450	9	0	0	230400	274.989	0	0	68.7
armA	f16	9	probe_long2k_a.txt	51	459	9	0	0	230400	193.482	0	0	68.7
armA	f16	9	probe_long2k_a.txt	52	468	9	0	0	230400	210.976	0	0	68.7
armA	f16	9	probe_long2k_a.txt	53	477	9	0	0	230400	223.154	0	0	68.6
armA	f16	9	probe_long2k_a.txt	54	486	9	0	0	230400	230.444	0	0	68.7
armA	f16	9	probe_long2k_a.txt	55	495	9	0	0	230400	251.101	0	0	68.6
armA	f16	9	probe_long2k_a.txt	56	504	9	0	0	230400	200.341	0	0	69.9
armA	f16	9	probe_long2k_a.txt	57	513	9	0	0	230400	196.674	0	0	70.0
armA	f16	9	probe_long2k_a.txt	58	522	9	0	0	230400	217.561	0	0	78.3
armA	f16	9	probe_long2k_a.txt	59	531	9	0	0	230400	227.889	0	0	68.8
armA	f16	9	probe_long2k_a.txt	60	540	9	0	0	230400	215.69	0	0	68.8
armA	f16	9	probe_long2k_a.txt	61	549	9	0	0	230400	215.077	0	0	68.7
armA	f16	9	probe_long2k_a.txt	62	558	9	0	0	230400	237.297	0	0	113.1
armA	f16	9	probe_long2k_a.txt	63	567	9	0	0	230400	235.727	0	0	68.7
armA	f16	9	probe_long2k_a.txt	64	576	9	0	0	230400	216.456	0	0	68.8
armA	f16	9	probe_long2k_a.txt	65	585	9	0	0	230400	183.841	0	0	68.8
armA	f16	9	probe_long2k_a.txt	66	594	9	0	0	230400	208.931	0	0	68.8
armA	f16	9	probe_long2k_a.txt	67	603	9	0	0	230400	241.281	0	0	68.8
armA	f16	9	probe_long2k_a.txt	68	612	9	0	0	230400	190.017	0	0	68.8
armA	f16	9	probe_long2k_a.txt	69	621	9	0	0	230400	183.969	0	0	68.7
armA	f16	9	probe_long2k_a.txt	70	630	9	0	0	230400	217.15	0	0	68.8
armA	f16	9	probe_long2k_a.txt	71	639	9	0	0	230400	227.172	0	0	68.7
armA	f16	9	probe_long2k_a.txt	72	648	9	0	0	230400	218.137	0	0	77.2
armA	f16	9	probe_long2k_a.txt	73	657	9	0	0	230400	224.83	0	0	68.7
armA	f16	9	probe_long2k_a.txt	74	666	9	0	0	230400	209.533	0	0	68.7
armA	f16	9	probe_long2k_a.txt	75	675	9	0	0	230400	226.31	0	0	68.7
armA	f16	9	probe_long2k_a.txt	76	684	9	0	0	230400	218.9	0	0	68.8
armA	f16	9	probe_long2k_a.txt	77	693	9	0	0	230400	208.232	0	0	68.7
armA	f16	9	probe_long2k_a.txt	78	702	9	0	0	230400	209.29	0	0	68.7
armA	f16	9	probe_long2k_a.txt	79	711	9	0	0	230400	207.737	0	0	68.7
armA	f16	9	probe_long2k_a.txt	80	720	9	0	0	230400	225.914	0	0	68.7
armA	f16	9	probe_long2k_a.txt	81	729	9	0	0	230400	216.584	0	0	68.7
armA	f16	9	probe_long2k_a.txt	82	738	9	0	0	230400	212.921	0	0	68.8
armA	f16	9	probe_long2k_a.txt	83	747	9	0	0	230400	225.555	0	0	68.8
armA	f16	9	probe_long2k_a.txt	84	756	9	0	0	230400	248.748	0	0	68.8
armA	f16	9	probe_long2k_a.txt	85	765	9	0	0	230400	207.976	0	0	79.2
armA	f16	9	probe_long2k_a.txt	86	774	9	0	0	230400	204.245	0	0	70.4
armA	f16	9	probe_long2k_a.txt	87	783	9	0	0	230400	202.379	0	0	69.1
armA	f16	9	probe_long2k_a.txt	88	792	9	0	0	230400	207.453	0	0	69.1
armA	f16	9	probe_long2k_a.txt	89	801	9	0	0	230400	177.949	0	0	69.1
armA	f16	9	probe_long2k_a.txt	90	810	9	0	0	230400	204.236	0	0	69.4
armA	f16	9	probe_long2k_a.txt	91	819	9	0	0	230400	235.168	0	0	68.9
armA	f16	9	probe_long2k_a.txt	92	828	9	0	0	230400	208.357	0	0	69.1
armA	f16	9	probe_long2k_a.txt	93	837	9	0	0	230400	195.885	0	0	127.7
armA	f16	9	probe_long2k_a.txt	94	846	9	0	0	230400	203.118	0	0	69.2
armA	f16	9	probe_long2k_a.txt	95	855	9	0	0	230400	197.163	0	0	69.1
armA	f16	9	probe_long2k_a.txt	96	864	9	0	0	230400	250.035	0	0	69.1
armA	f16	9	probe_long2k_a.txt	97	873	9	0	0	230400	207.502	0	0	69.1
armA	f16	9	probe_long2k_a.txt	98	882	9	0	0	230400	229.498	0	0	85.3
armA	f16	9	probe_long2k_a.txt	99	891	9	0	0	230400	198.016	0	0	121.6
armA	f16	9	probe_long2k_a.txt	100	900	9	0	0	230400	208.728	0	0	69.0
armA	f16	9	probe_long2k_a.txt	101	909	9	0	0	230400	188.869	0	0	69.0
armA	f16	9	probe_long2k_a.txt	102	918	9	0	0	230400	196.363	0	0	68.9
armA	f16	9	probe_long2k_a.txt	103	927	9	0	0	230400	220.218	0	0	69.0
armA	f16	9	probe_long2k_a.txt	104	936	9	0	0	230400	213.856	0	0	68.9
armA	f16	9	probe_long2k_a.txt	105	945	9	0	0	230400	193.831	0	0	69.0
armA	f16	9	probe_long2k_a.txt	106	954	9	0	0	230400	238.869	0	0	68.9
armA	f16	9	probe_long2k_a.txt	107	963	9	0	0	230400	212.082	0	0	68.9
armA	f16	9	probe_long2k_a.txt	108	972	9	0	0	230400	239.095	0	0	68.9
armA	f16	9	probe_long2k_a.txt	109	981	9	0	0	230400	223.016	0	0	68.9
armA	f16	9	probe_long2k_a.txt	110	990	9	0	0	230400	214.279	0	0	68.9
armA	f16	9	probe_long2k_a.txt	111	999	9	0	0	230400	219.404	0	0	68.9
armA	f16	9	probe_long2k_a.txt	112	1008	9	0	0	230400	218.726	0	0	69.0
armA	f16	9	probe_long2k_a.txt	113	1017	9	0	0	230400	220.07	0	0	79.2
armA	f16	9	probe_long2k_a.txt	114	1026	9	0	0	230400	238.4	0	0	70.5
armA	f16	9	probe_long2k_a.txt	115	1035	9	0	0	230400	195.664	0	0	69.1
armA	f16	9	probe_long2k_a.txt	116	1044	9	0	0	230400	205.802	0	0	69.0
armA	f16	9	probe_long2k_a.txt	117	1053	9	0	0	230400	199.274	0	0	69.0
armA	f16	9	probe_long2k_a.txt	118	1062	9	0	0	230400	237.031	0	0	69.0
armA	f16	9	probe_long2k_a.txt	119	1071	9	0	0	230400	236.318	0	0	69.0
armA	f16	9	probe_long2k_a.txt	120	1080	9	0	0	230400	190.754	0	0	69.0
armA	f16	9	probe_long2k_a.txt	121	1089	9	0	0	230400	191.797	0	0	69.0
armA	f16	9	probe_long2k_a.txt	122	1098	9	0	0	230400	210.756	0	0	69.1
armA	f16	9	probe_long2k_a.txt	123	1107	9	0	0	230400	233.591	0	0	69.8
armA	f16	9	probe_long2k_a.txt	124	1116	9	0	0	230400	237.657	0	0	144.9
armA	f16	9	probe_long2k_a.txt	125	1125	9	0	0	230400	223.248	0	0	69.0
armA	f16	9	probe_long2k_a.txt	126	1134	9	0	0	230400	223.714	0	0	79.6
armA	f16	9	probe_long2k_a.txt	127	1143	9	0	0	230400	224.657	0	0	69.0
armA	f16	9	probe_long2k_a.txt	128	1152	9	0	0	230400	201.461	0	0	69.1
armA	f16	9	probe_long2k_a.txt	129	1161	9	0	0	230400	194.125	0	0	69.0
armA	f16	9	probe_long2k_a.txt	130	1170	9	0	0	230400	233.653	0	0	69.0
armA	f16	9	probe_long2k_a.txt	131	1179	9	0	0	230400	216.638	0	0	69.0
armA	f16	9	probe_long2k_a.txt	132	1188	9	0	0	230400	221.28	0	0	69.0
armA	f16	9	probe_long2k_a.txt	133	1197	9	0	0	230400	218.692	0	0	69.0
armA	f16	9	probe_long2k_a.txt	134	1206	9	0	0	230400	209.752	0	0	69.0
armA	f16	9	probe_long2k_a.txt	135	1215	9	0	0	230400	218.295	0	0	68.9
armA	f16	9	probe_long2k_a.txt	136	1224	9	0	0	230400	220.242	0	0	68.9
armA	f16	9	probe_long2k_a.txt	137	1233	9	0	0	230400	207.118	0	0	68.9
armA	f16	9	probe_long2k_a.txt	138	1242	9	0	0	230400	214.01	0	0	69.0
armA	f16	9	probe_long2k_a.txt	139	1251	9	0	0	230400	219.931	0	0	68.9
armA	f16	9	probe_long2k_a.txt	140	1260	9	0	0	230400	219.902	0	0	78.4
armA	f16	9	probe_long2k_a.txt	141	1269	9	0	0	230400	219.86	0	0	68.9
armA	f16	9	probe_long2k_a.txt	142	1278	9	0	0	230400	220.466	0	0	70.2
armA	f16	9	probe_long2k_a.txt	143	1287	9	0	0	230400	218.355	0	0	70.4
armA	f16	9	probe_long2k_a.txt	144	1296	9	0	0	230400	198.019	0	0	69.1
armA	f16	9	probe_long2k_a.txt	145	1305	9	0	0	230400	208.749	0	0	69.1
armA	f16	9	probe_long2k_a.txt	146	1314	9	0	0	230400	229.289	0	0	69.0
armA	f16	9	probe_long2k_a.txt	147	1323	9	0	0	230400	199.656	0	0	69.1
armA	f16	9	probe_long2k_a.txt	148	1332	9	0	0	230400	226.564	0	0	69.0
armA	f16	9	probe_long2k_a.txt	149	1341	9	0	0	230400	242.563	0	0	69.1
armA	f16	9	probe_long2k_a.txt	150	1350	9	0	0	230400	242.682	0	0	69.2
armA	f16	9	probe_long2k_a.txt	151	1359	9	0	0	230400	225.3	0	0	69.0
armA	f16	9	probe_long2k_a.txt	152	1368	9	0	0	230400	217.433	0	0	69.0
armA	f16	9	probe_long2k_a.txt	153	1377	9	0	0	230400	235.36	0	0	78.2
armA	f16	9	probe_long2k_a.txt	154	1386	9	0	0	230400	227.133	0	0	69.0
armA	f16	9	probe_long2k_a.txt	155	1395	9	0	0	230400	250.248	0	0	156.4
armA	f16	9	probe_long2k_a.txt	156	1404	9	0	0	230400	234.637	0	0	69.2
armA	f16	9	probe_long2k_a.txt	157	1413	9	0	0	230400	236.756	0	0	69.2
armA	f16	9	probe_long2k_a.txt	158	1422	9	0	0	230400	235.296	0	0	69.1
armA	f16	9	probe_long2k_a.txt	159	1431	9	0	0	230400	224	0	0	69.1
armA	f16	9	probe_long2k_a.txt	160	1440	9	0	0	230400	219.185	0	0	69.0
armA	f16	9	probe_long2k_a.txt	161	1449	9	0	0	230400	191.493	0	0	68.9
armA	f16	9	probe_long2k_a.txt	162	1458	9	0	0	230400	183.587	0	0	69.0
armA	f16	9	probe_long2k_a.txt	163	1467	9	0	0	230400	173.665	0	0	68.9
armA	f16	9	probe_long2k_a.txt	164	1476	9	0	0	230400	201.926	0	0	68.9
armA	f16	9	probe_long2k_a.txt	165	1485	9	0	0	230400	185.946	0	0	68.9
armA	f16	9	probe_long2k_a.txt	166	1494	9	0	0	230400	211.302	0	0	84.9
armA	f16	9	probe_long2k_a.txt	167	1503	9	0	0	230400	165.688	0	0	77.0
armA	f16	9	probe_long2k_a.txt	168	1512	9	0	0	230400	194.725	0	0	115.0
armA	f16	9	probe_long2k_a.txt	169	1521	9	0	0	230400	193.461	0	0	68.8
armA	f16	9	probe_long2k_a.txt	170	1530	9	0	0	230400	223.25	0	0	70.3
armA	f16	9	probe_long2k_a.txt	171	1539	9	0	0	230400	204.965	0	0	70.5
armA	f16	9	probe_long2k_a.txt	172	1548	9	0	0	230400	196.434	0	0	69.2
armA	f16	9	probe_long2k_a.txt	173	1557	9	0	0	230400	226.561	0	0	69.2
armA	f16	9	probe_long2k_a.txt	174	1566	9	0	0	230400	201.638	0	0	69.2
armA	f16	9	probe_long2k_a.txt	175	1575	9	0	0	230400	176.672	0	0	69.1
armA	f16	9	probe_long2k_a.txt	176	1584	9	0	0	230400	202.851	0	0	69.2
armA	f16	9	probe_long2k_a.txt	177	1593	9	0	0	230400	198.901	0	0	69.1
armA	f16	9	probe_long2k_a.txt	178	1602	9	0	0	230400	209.559	0	0	69.1
armA	f16	9	probe_long2k_a.txt	179	1611	9	0	0	230400	197.527	0	0	69.1
armA	f16	9	probe_long2k_a.txt	180	1620	9	0	0	230400	215.639	0	0	69.0
armA	f16	9	probe_long2k_a.txt	181	1629	9	0	0	230400	175.07	0	0	80.2
armA	f16	9	probe_long2k_a.txt	182	1638	9	0	0	230400	167.564	0	0	69.1
armA	f16	9	probe_long2k_a.txt	183	1647	9	0	0	230400	219.502	0	0	69.0
armA	f16	9	probe_long2k_a.txt	184	1656	9	0	0	230400	217.299	0	0	69.0
armA	f16	9	probe_long2k_a.txt	185	1665	9	0	0	230400	227.752	0	0	69.0
armA	f16	9	probe_long2k_a.txt	186	1674	9	0	0	230400	210.998	0	0	169.3
armA	f16	9	probe_long2k_a.txt	187	1683	9	0	0	230400	184.983	0	0	69.0
armA	f16	9	probe_long2k_a.txt	188	1692	9	0	0	230400	191.306	0	0	69.0
armA	f16	9	probe_long2k_a.txt	189	1701	9	0	0	230400	219.83	0	0	69.0
armA	f16	9	probe_long2k_a.txt	190	1710	9	0	0	230400	214.857	0	0	69.0
armA	f16	9	probe_long2k_a.txt	191	1719	9	0	0	230400	214.243	0	0	68.9
armA	f16	9	probe_long2k_a.txt	192	1728	9	0	0	230400	194.832	0	0	69.0
armA	f16	9	probe_long2k_a.txt	193	1737	9	0	0	230400	212.861	0	0	69.0
armA	f16	9	probe_long2k_a.txt	194	1746	9	0	0	230400	208.837	0	0	77.3
armA	f16	9	probe_long2k_a.txt	195	1755	9	0	0	230400	205.227	0	0	69.0
armA	f16	9	probe_long2k_a.txt	196	1764	9	0	0	230400	198.503	0	0	68.9
armA	f16	9	probe_long2k_a.txt	197	1773	9	0	0	230400	222.649	0	0	68.9
armA	f16	9	probe_long2k_a.txt	198	1782	9	0	0	230400	205.223	0	0	68.9
armA	f16	9	probe_long2k_a.txt	199	1791	9	0	0	230400	211.447	0	0	70.3
armA	f16	9	probe_long2k_a.txt	200	1800	9	0	0	230400	219.245	0	0	70.6
armA	f16	9	probe_long2k_a.txt	201	1809	9	0	0	230400	236.893	0	0	69.2
armA	f16	9	probe_long2k_a.txt	202	1818	9	0	0	230400	215.265	0	0	69.2
armA	f16	9	probe_long2k_a.txt	203	1827	9	0	0	230400	206.084	0	0	69.2
armA	f16	9	probe_long2k_a.txt	204	1836	9	0	0	230400	204.607	0	0	69.3
armA	f16	9	probe_long2k_a.txt	205	1845	9	0	0	230400	184.642	0	0	69.2
armA	f16	9	probe_long2k_a.txt	206	1854	9	0	0	230400	183.248	0	0	69.2
armA	f16	9	probe_long2k_a.txt	207	1863	9	0	0	230400	202.534	0	0	69.2
armA	f16	9	probe_long2k_a.txt	208	1872	9	0	0	230400	207.138	0	0	78.9
armA	f16	9	probe_long2k_a.txt	209	1881	9	0	0	230400	196.038	0	0	69.3
armA	f16	9	probe_long2k_a.txt	210	1890	9	0	0	230400	207.951	0	0	69.2
armA	f16	9	probe_long2k_a.txt	211	1899	9	0	0	230400	215.116	0	0	69.1
armA	f16	9	probe_long2k_a.txt	212	1908	9	0	0	230400	216.984	0	0	69.2
armA	f16	9	probe_long2k_a.txt	213	1917	9	0	0	230400	231.621	0	0	69.1
armA	f16	9	probe_long2k_a.txt	214	1926	9	0	0	230400	214.67	0	0	69.2
armA	f16	9	probe_long2k_a.txt	215	1935	9	0	0	230400	229.35	0	0	69.0
armA	f16	9	probe_long2k_a.txt	216	1944	9	0	0	230400	211.351	0	0	69.1
armA	f16	9	probe_long2k_a.txt	217	1953	9	0	0	230400	211.549	0	0	182.9
armA	f16	9	probe_long2k_a.txt	218	1962	9	0	0	230400	211.612	0	0	69.1
armA	f16	9	probe_long2k_a.txt	219	1971	9	0	0	230400	205.806	0	0	69.0
armA	f16	9	probe_long2k_a.txt	220	1980	9	0	0	230400	217.265	0	0	78.3
armA	f16	9	probe_long2k_a.txt	221	1989	9	0	0	230400	214.781	0	0	69.0
armA	f16	9	probe_long2k_a.txt	222	1998	9	0	0	230400	208.108	0	0	69.1
armA	f16	9	probe_long2k_a.txt	223	2007	9	0	0	230400	219.479	0	0	69.0
armA	f16	9	probe_long2k_a.txt	224	2016	9	0	0	230400	225.526	0	0	69.0
armA	f16	9	probe_long2k_a.txt	225	2025	9	0	0	230400	192.406	0	0	68.9
armA	f16	9	probe_long2k_a.txt	226	2034	9	0	0	230400	197.653	0	0	69.0
armA	f16	9	probe_long2k_a.txt	227	2043	9	0	0	230400	224.595	0	0	70.9
armA	f16	9	probe_long2k_a.txt	228	2052	9	0	0	230400	209.091	0	0	71.3
armA	f16	9	probe_long2k_a.txt	229	2061	9	0	0	230400	210.828	0	0	69.9
armA	f16	9	probe_long2k_a.txt	230	2070	9	0	0	230400	226.495	0	0	70.0
armA	f16	9	probe_long2k_a.txt	231	2079	9	0	0	230400	213.395	0	0	69.8
armA	f16	9	probe_long2k_a.txt	232	2088	9	0	0	230400	230.692	0	0	69.9
armA	f16	9	probe_long2k_a.txt	233	2097	9	0	0	230400	224.612	0	0	69.8
armA	f16	9	probe_long2k_a.txt	234	2106	9	0	0	230400	193.4	0	0	141.1
armA	f16	9	probe_long2k_a.txt	235	2115	9	0	0	230400	231.997	0	0	69.8
armA	f16	9	probe_long2k_a.txt	236	2124	9	0	0	230400	219.094	0	0	69.8
armA	f16	9	probe_long2k_a.txt	237	2133	9	0	0	230400	216.121	0	0	69.8
armA	f16	9	probe_long2k_a.txt	238	2142	9	0	0	230400	214.603	0	0	69.8
armA	f16	9	probe_long2k_a.txt	239	2151	9	0	0	230400	234.73	0	0	69.7
armA	f16	9	probe_long2k_a.txt	240	2160	9	0	0	230400	219.725	0	0	69.7
armA	f16	9	probe_long2k_a.txt	241	2169	9	0	0	230400	231.586	0	0	69.8
armA	f16	9	probe_long2k_a.txt	242	2178	9	0	0	230400	202.853	0	0	69.8
armA	f16	9	probe_long2k_a.txt	243	2187	9	0	0	230400	208.875	0	0	69.7
armA	f16	9	probe_long2k_a.txt	244	2196	9	0	0	230400	208.221	0	0	69.8
armA	f16	9	probe_long2k_a.txt	245	2205	9	0	0	230400	203.047	0	0	69.7
armA	f16	9	probe_long2k_a.txt	246	2214	9	0	0	230400	209.455	0	0	69.7
armA	f16	9	probe_long2k_a.txt	247	2223	9	0	0	230400	230.103	0	0	80.3
armA	f16	9	probe_long2k_a.txt	248	2232	9	0	0	230400	177.623	0	0	198.9
armA	f16	9	probe_long2k_a.txt	249	2241	9	0	0	230400	212.771	0	0	69.6
armA	f16	9	probe_long2k_a.txt	250	2250	9	0	0	230400	186.448	0	0	69.6
armA	f16	9	probe_long2k_a.txt	251	2259	9	0	0	230400	189.241	0	0	69.7
armA	f16	9	probe_long2k_a.txt	252	2268	5	0	0	128000	194.247	0	0	197.2
armA	f16	36	probe_long2k_a.txt	0	0	36	0	0	921600	281.553	0	0	130.9
armA	f16	36	probe_long2k_a.txt	1	36	36	0	0	921600	213.399	0	0	115.9
armA	f16	36	probe_long2k_a.txt	2	72	36	0	0	921600	235.86	0	0	130.8
armA	f16	36	probe_long2k_a.txt	3	108	36	0	0	921600	231.045	0	0	104.4
armA	f16	36	probe_long2k_a.txt	4	144	36	0	0	921600	221.299	0	0	104.6
armA	f16	36	probe_long2k_a.txt	5	180	36	0	0	921600	241.542	0	0	104.5
armA	f16	36	probe_long2k_a.txt	6	216	36	0	0	921600	226.467	0	0	104.5
armA	f16	36	probe_long2k_a.txt	7	252	36	0	0	921600	220.786	0	0	106.0
armA	f16	36	probe_long2k_a.txt	8	288	36	0	0	921600	210.041	0	0	139.1
armA	f16	36	probe_long2k_a.txt	9	324	36	0	0	921600	219.509	0	0	103.9
armA	f16	36	probe_long2k_a.txt	10	360	36	0	0	921600	234.959	0	0	104.7
armA	f16	36	probe_long2k_a.txt	11	396	36	0	0	921600	229.182	0	0	113.4
armA	f16	36	probe_long2k_a.txt	12	432	36	0	0	921600	272.803	0	0	104.7
armA	f16	36	probe_long2k_a.txt	13	468	36	0	0	921600	251.109	0	0	104.5
armA	f16	36	probe_long2k_a.txt	14	504	36	0	0	921600	227.853	0	0	106.5
armA	f16	36	probe_long2k_a.txt	15	540	36	0	0	921600	237.527	0	0	106.5
armA	f16	36	probe_long2k_a.txt	16	576	36	0	0	921600	242.401	0	0	151.8
armA	f16	36	probe_long2k_a.txt	17	612	36	0	0	921600	226.62	0	0	105.2
armA	f16	36	probe_long2k_a.txt	18	648	36	0	0	921600	226.116	0	0	105.2
armA	f16	36	probe_long2k_a.txt	19	684	36	0	0	921600	218.578	0	0	114.6
armA	f16	36	probe_long2k_a.txt	20	720	36	0	0	921600	225.514	0	0	105.1
armA	f16	36	probe_long2k_a.txt	21	756	36	0	0	921600	248.968	0	0	106.2
armA	f16	36	probe_long2k_a.txt	22	792	36	0	0	921600	234.685	0	0	106.4
armA	f16	36	probe_long2k_a.txt	23	828	36	0	0	921600	207.858	0	0	105.2
armA	f16	36	probe_long2k_a.txt	24	864	36	0	0	921600	250.292	0	0	166.4
armA	f16	36	probe_long2k_a.txt	25	900	36	0	0	921600	219.762	0	0	105.4
armA	f16	36	probe_long2k_a.txt	26	936	36	0	0	921600	237.833	0	0	105.5
armA	f16	36	probe_long2k_a.txt	27	972	36	0	0	921600	239.174	0	0	105.5
armA	f16	36	probe_long2k_a.txt	28	1008	36	0	0	921600	238.963	0	0	136.2
armA	f16	36	probe_long2k_a.txt	29	1044	36	0	0	921600	235.891	0	0	143.7
armA	f16	36	probe_long2k_a.txt	30	1080	36	0	0	921600	233.358	0	0	106.0
armA	f16	36	probe_long2k_a.txt	31	1116	36	0	0	921600	237.582	0	0	105.9
armA	f16	36	probe_long2k_a.txt	32	1152	36	0	0	921600	233.692	0	0	179.3
armA	f16	36	probe_long2k_a.txt	33	1188	36	0	0	921600	223.224	0	0	105.8
armA	f16	36	probe_long2k_a.txt	34	1224	36	0	0	921600	220.356	0	0	105.7
armA	f16	36	probe_long2k_a.txt	35	1260	36	0	0	921600	220.46	0	0	107.2
armA	f16	36	probe_long2k_a.txt	36	1296	36	0	0	921600	232.957	0	0	107.4
armA	f16	36	probe_long2k_a.txt	37	1332	36	0	0	921600	242.786	0	0	115.0
armA	f16	36	probe_long2k_a.txt	38	1368	36	0	0	921600	251.278	0	0	106.1
armA	f16	36	probe_long2k_a.txt	39	1404	36	0	0	921600	236.303	0	0	106.5
armA	f16	36	probe_long2k_a.txt	40	1440	36	0	0	921600	218.105	0	0	195.0
armA	f16	36	probe_long2k_a.txt	41	1476	36	0	0	921600	212.517	0	0	106.2
armA	f16	36	probe_long2k_a.txt	42	1512	36	0	0	921600	223.807	0	0	107.5
armA	f16	36	probe_long2k_a.txt	43	1548	36	0	0	921600	226.204	0	0	108.0
armA	f16	36	probe_long2k_a.txt	44	1584	36	0	0	921600	209.378	0	0	106.7
armA	f16	36	probe_long2k_a.txt	45	1620	36	0	0	921600	219.334	0	0	115.7
armA	f16	36	probe_long2k_a.txt	46	1656	36	0	0	921600	227.986	0	0	106.6
armA	f16	36	probe_long2k_a.txt	47	1692	36	0	0	921600	220.14	0	0	106.6
armA	f16	36	probe_long2k_a.txt	48	1728	36	0	0	921600	212.665	0	0	210.4
armA	f16	36	probe_long2k_a.txt	49	1764	36	0	0	921600	222.18	0	0	107.7
armA	f16	36	probe_long2k_a.txt	50	1800	36	0	0	921600	236.473	0	0	108.0
armA	f16	36	probe_long2k_a.txt	51	1836	36	0	0	921600	203.253	0	0	106.7
armA	f16	36	probe_long2k_a.txt	52	1872	36	0	0	921600	218.19	0	0	106.7
armA	f16	36	probe_long2k_a.txt	53	1908	36	0	0	921600	231.75	0	0	114.7
armA	f16	36	probe_long2k_a.txt	54	1944	36	0	0	921600	218.278	0	0	106.7
armA	f16	36	probe_long2k_a.txt	55	1980	36	0	0	921600	219.388	0	0	106.7
armA	f16	36	probe_long2k_a.txt	56	2016	36	0	0	921600	224.702	0	0	237.2
armA	f16	36	probe_long2k_a.txt	57	2052	36	0	0	921600	226.446	0	0	108.7
armA	f16	36	probe_long2k_a.txt	58	2088	36	0	0	921600	232.384	0	0	107.4
armA	f16	36	probe_long2k_a.txt	59	2124	36	0	0	921600	234.533	0	0	107.2
armA	f16	36	probe_long2k_a.txt	60	2160	36	0	0	921600	231.835	0	0	107.3
armA	f16	36	probe_long2k_a.txt	61	2196	36	0	0	921600	229.474	0	0	115.7
armA	f16	36	probe_long2k_a.txt	62	2232	36	0	0	921600	213.846	0	0	107.4
armA	f16	36	probe_long2k_a.txt	63	2268	5	0	0	128000	194.771	0	0	199.0
armA	f16	512	probe_long2k_a.txt	0	0	512	0	0	13107200	280.893	0	0	912.4
armA	f16	512	probe_long2k_a.txt	1	512	512	0	0	13107200	249.155	0	0	883.5
armA	f16	512	probe_long2k_a.txt	2	1024	512	0	0	13107200	248.49	0	0	928.1
armA	f16	512	probe_long2k_a.txt	3	1536	512	0	0	13107200	237.168	0	0	935.7
armA	f16	512	probe_long2k_a.txt	4	2048	225	0	0	5760000	234.894	0	0	556.6
armA	f16	2048	probe_long2k_a.txt	0	0	2048	0	0	52428800	280.891	0	0	3208.2
armA	f16	2048	probe_long2k_a.txt	1	2048	225	0	0	5760000	234.845	0	0	559.8
armA	q8_0	2048	probe_olymp00.txt	0	0	260	0	0	6656000	280.827	0	0	539.2
armA	q8_0	9	probe_long2k_a.txt	0	0	9	0	0	230400	281.554	0	0	87.5
armA	q8_0	9	probe_long2k_a.txt	1	9	9	0	0	230400	206.697	0	0	82.3
armA	q8_0	9	probe_long2k_a.txt	2	18	9	0	0	230400	204.869	0	0	86.2
armA	q8_0	9	probe_long2k_a.txt	3	27	9	0	0	230400	205.934	0	0	69.4
armA	q8_0	9	probe_long2k_a.txt	4	36	9	0	0	230400	204.744	0	0	69.4
armA	q8_0	9	probe_long2k_a.txt	5	45	9	0	0	230400	205.54	0	0	69.3
armA	q8_0	9	probe_long2k_a.txt	6	54	9	0	0	230400	201.951	0	0	69.4
armA	q8_0	9	probe_long2k_a.txt	7	63	9	0	0	230400	213.498	0	0	78.0
armA	q8_0	9	probe_long2k_a.txt	8	72	9	0	0	230400	235.664	0	0	69.3
armA	q8_0	9	probe_long2k_a.txt	9	81	9	0	0	230400	202.361	0	0	69.3
armA	q8_0	9	probe_long2k_a.txt	10	90	9	0	0	230400	202.494	0	0	69.3
armA	q8_0	9	probe_long2k_a.txt	11	99	9	0	0	230400	219.739	0	0	69.3
armA	q8_0	9	probe_long2k_a.txt	12	108	9	0	0	230400	230.848	0	0	69.3
armA	q8_0	9	probe_long2k_a.txt	13	117	9	0	0	230400	205.691	0	0	69.3
armA	q8_0	9	probe_long2k_a.txt	14	126	9	0	0	230400	218.645	0	0	69.4
armA	q8_0	9	probe_long2k_a.txt	15	135	9	0	0	230400	216.955	0	0	69.4
armA	q8_0	9	probe_long2k_a.txt	16	144	9	0	0	230400	177.072	0	0	71.6
armA	q8_0	9	probe_long2k_a.txt	17	153	9	0	0	230400	193.661	0	0	69.4
armA	q8_0	9	probe_long2k_a.txt	18	162	9	0	0	230400	218.706	0	0	69.4
armA	q8_0	9	probe_long2k_a.txt	19	171	9	0	0	230400	221.708	0	0	69.3
armA	q8_0	9	probe_long2k_a.txt	20	180	9	0	0	230400	241.476	0	0	69.3
armA	q8_0	9	probe_long2k_a.txt	21	189	9	0	0	230400	230.286	0	0	141.1
armA	q8_0	9	probe_long2k_a.txt	22	198	9	0	0	230400	207.901	0	0	69.4
armA	q8_0	9	probe_long2k_a.txt	23	207	9	0	0	230400	195.825	0	0	69.3
armA	q8_0	9	probe_long2k_a.txt	24	216	9	0	0	230400	209.331	0	0	69.3
armA	q8_0	9	probe_long2k_a.txt	25	225	9	0	0	230400	226.815	0	0	69.3
armA	q8_0	9	probe_long2k_a.txt	26	234	9	0	0	230400	197.43	0	0	69.3
armA	q8_0	9	probe_long2k_a.txt	27	243	9	0	0	230400	206.436	0	0	69.4
armA	q8_0	9	probe_long2k_a.txt	28	252	9	0	0	230400	216.397	0	0	70.6
armA	q8_0	9	probe_long2k_a.txt	29	261	9	0	0	230400	209.745	0	0	74.9
armA	q8_0	9	probe_long2k_a.txt	30	270	9	0	0	230400	205.23	0	0	69.2
armA	q8_0	9	probe_long2k_a.txt	31	279	9	0	0	230400	220.88	0	0	85.1
armA	q8_0	9	probe_long2k_a.txt	32	288	9	0	0	230400	177.993	0	0	69.4
armA	q8_0	9	probe_long2k_a.txt	33	297	9	0	0	230400	209.219	0	0	69.4
armA	q8_0	9	probe_long2k_a.txt	34	306	9	0	0	230400	194.52	0	0	78.6
armA	q8_0	9	probe_long2k_a.txt	35	315	9	0	0	230400	204.427	0	0	69.4
armA	q8_0	9	probe_long2k_a.txt	36	324	9	0	0	230400	185.18	0	0	69.4
armA	q8_0	9	probe_long2k_a.txt	37	333	9	0	0	230400	215.216	0	0	69.4
armA	q8_0	9	probe_long2k_a.txt	38	342	9	0	0	230400	169.71	0	0	69.4
armA	q8_0	9	probe_long2k_a.txt	39	351	9	0	0	230400	217.307	0	0	69.4
armA	q8_0	9	probe_long2k_a.txt	40	360	9	0	0	230400	236.328	0	0	69.4
armA	q8_0	9	probe_long2k_a.txt	41	369	9	0	0	230400	238.118	0	0	69.5
armA	q8_0	9	probe_long2k_a.txt	42	378	9	0	0	230400	234.777	0	0	69.4
armA	q8_0	9	probe_long2k_a.txt	43	387	9	0	0	230400	229.174	0	0	69.5
armA	q8_0	9	probe_long2k_a.txt	44	396	9	0	0	230400	228.827	0	0	69.5
armA	q8_0	9	probe_long2k_a.txt	45	405	9	0	0	230400	211.869	0	0	69.4
armA	q8_0	9	probe_long2k_a.txt	46	414	9	0	0	230400	221.561	0	0	69.5
armA	q8_0	9	probe_long2k_a.txt	47	423	9	0	0	230400	209.821	0	0	69.5
armA	q8_0	9	probe_long2k_a.txt	48	432	9	0	0	230400	231.832	0	0	77.9
armA	q8_0	9	probe_long2k_a.txt	49	441	9	0	0	230400	233.35	0	0	69.4
armA	q8_0	9	probe_long2k_a.txt	50	450	9	0	0	230400	272.62	0	0	69.4
armA	q8_0	9	probe_long2k_a.txt	51	459	9	0	0	230400	192.759	0	0	69.4
armA	q8_0	9	probe_long2k_a.txt	52	468	9	0	0	230400	210.712	0	0	69.5
armA	q8_0	9	probe_long2k_a.txt	53	477	9	0	0	230400	222.952	0	0	69.4
armA	q8_0	9	probe_long2k_a.txt	54	486	9	0	0	230400	230.772	0	0	69.5
armA	q8_0	9	probe_long2k_a.txt	55	495	9	0	0	230400	251.251	0	0	69.4
armA	q8_0	9	probe_long2k_a.txt	56	504	9	0	0	230400	199.283	0	0	70.6
armA	q8_0	9	probe_long2k_a.txt	57	513	9	0	0	230400	196.634	0	0	70.7
armA	q8_0	9	probe_long2k_a.txt	58	522	9	0	0	230400	217.471	0	0	69.3
armA	q8_0	9	probe_long2k_a.txt	59	531	9	0	0	230400	227.986	0	0	69.3
armA	q8_0	9	probe_long2k_a.txt	60	540	9	0	0	230400	215.467	0	0	69.3
armA	q8_0	9	probe_long2k_a.txt	61	549	9	0	0	230400	213.563	0	0	69.4
armA	q8_0	9	probe_long2k_a.txt	62	558	9	0	0	230400	237.316	0	0	102.6
armA	q8_0	9	probe_long2k_a.txt	63	567	9	0	0	230400	235.48	0	0	69.3
armA	q8_0	9	probe_long2k_a.txt	64	576	9	0	0	230400	216.408	0	0	69.3
armA	q8_0	9	probe_long2k_a.txt	65	585	9	0	0	230400	183.471	0	0	69.4
armA	q8_0	9	probe_long2k_a.txt	66	594	9	0	0	230400	208.993	0	0	69.4
armA	q8_0	9	probe_long2k_a.txt	67	603	9	0	0	230400	241.968	0	0	69.3
armA	q8_0	9	probe_long2k_a.txt	68	612	9	0	0	230400	189.843	0	0	69.3
armA	q8_0	9	probe_long2k_a.txt	69	621	9	0	0	230400	184.392	0	0	69.3
armA	q8_0	9	probe_long2k_a.txt	70	630	9	0	0	230400	217.121	0	0	69.3
armA	q8_0	9	probe_long2k_a.txt	71	639	9	0	0	230400	226.779	0	0	69.4
armA	q8_0	9	probe_long2k_a.txt	72	648	9	0	0	230400	218.911	0	0	69.3
armA	q8_0	9	probe_long2k_a.txt	73	657	9	0	0	230400	224.59	0	0	69.4
armA	q8_0	9	probe_long2k_a.txt	74	666	9	0	0	230400	209.285	0	0	69.3
armA	q8_0	9	probe_long2k_a.txt	75	675	9	0	0	230400	226.388	0	0	79.5
armA	q8_0	9	probe_long2k_a.txt	76	684	9	0	0	230400	218.557	0	0	69.4
armA	q8_0	9	probe_long2k_a.txt	77	693	9	0	0	230400	207.443	0	0	69.3
armA	q8_0	9	probe_long2k_a.txt	78	702	9	0	0	230400	209.145	0	0	69.3
armA	q8_0	9	probe_long2k_a.txt	79	711	9	0	0	230400	207.654	0	0	69.4
armA	q8_0	9	probe_long2k_a.txt	80	720	9	0	0	230400	225.695	0	0	69.4
armA	q8_0	9	probe_long2k_a.txt	81	729	9	0	0	230400	216.197	0	0	69.4
armA	q8_0	9	probe_long2k_a.txt	82	738	9	0	0	230400	213.019	0	0	69.4
armA	q8_0	9	probe_long2k_a.txt	83	747	9	0	0	230400	225.331	0	0	69.5
armA	q8_0	9	probe_long2k_a.txt	84	756	9	0	0	230400	248.899	0	0	69.4
armA	q8_0	9	probe_long2k_a.txt	85	765	9	0	0	230400	206.831	0	0	70.6
armA	q8_0	9	probe_long2k_a.txt	86	774	9	0	0	230400	203.955	0	0	70.8
armA	q8_0	9	probe_long2k_a.txt	87	783	9	0	0	230400	201.82	0	0	69.5
armA	q8_0	9	probe_long2k_a.txt	88	792	9	0	0	230400	207.274	0	0	69.5
armA	q8_0	9	probe_long2k_a.txt	89	801	9	0	0	230400	178.574	0	0	141.5
armA	q8_0	9	probe_long2k_a.txt	90	810	9	0	0	230400	204.582	0	0	69.5
armA	q8_0	9	probe_long2k_a.txt	91	819	9	0	0	230400	234.316	0	0	69.5
armA	q8_0	9	probe_long2k_a.txt	92	828	9	0	0	230400	208.424	0	0	69.5
armA	q8_0	9	probe_long2k_a.txt	93	837	9	0	0	230400	195.919	0	0	101.1
armA	q8_0	9	probe_long2k_a.txt	94	846	9	0	0	230400	202.897	0	0	69.4
armA	q8_0	9	probe_long2k_a.txt	95	855	9	0	0	230400	197.074	0	0	69.5
armA	q8_0	9	probe_long2k_a.txt	96	864	9	0	0	230400	249.469	0	0	69.5
armA	q8_0	9	probe_long2k_a.txt	97	873	9	0	0	230400	207.779	0	0	69.5
armA	q8_0	9	probe_long2k_a.txt	98	882	9	0	0	230400	229.352	0	0	69.4
armA	q8_0	9	probe_long2k_a.txt	99	891	9	0	0	230400	195.97	0	0	69.5
armA	q8_0	9	probe_long2k_a.txt	100	900	9	0	0	230400	209.307	0	0	69.5
armA	q8_0	9	probe_long2k_a.txt	101	909	9	0	0	230400	189.138	0	0	69.5
armA	q8_0	9	probe_long2k_a.txt	102	918	9	0	0	230400	196.018	0	0	69.5
armA	q8_0	9	probe_long2k_a.txt	103	927	9	0	0	230400	220.054	0	0	69.6
armA	q8_0	9	probe_long2k_a.txt	104	936	9	0	0	230400	214.107	0	0	69.5
armA	q8_0	9	probe_long2k_a.txt	105	945	9	0	0	230400	194.038	0	0	69.4
armA	q8_0	9	probe_long2k_a.txt	106	954	9	0	0	230400	238.781	0	0	69.4
armA	q8_0	9	probe_long2k_a.txt	107	963	9	0	0	230400	212.151	0	0	69.4
armA	q8_0	9	probe_long2k_a.txt	108	972	9	0	0	230400	238.028	0	0	69.5
armA	q8_0	9	probe_long2k_a.txt	109	981	9	0	0	230400	222.976	0	0	69.5
armA	q8_0	9	probe_long2k_a.txt	110	990	9	0	0	230400	214.282	0	0	69.5
armA	q8_0	9	probe_long2k_a.txt	111	999	9	0	0	230400	222.444	0	0	69.4
armA	q8_0	9	probe_long2k_a.txt	112	1008	9	0	0	230400	218.773	0	0	69.5
armA	q8_0	9	probe_long2k_a.txt	113	1017	9	0	0	230400	220.151	0	0	70.7
armA	q8_0	9	probe_long2k_a.txt	114	1026	9	0	0	230400	238.101	0	0	71.0
armA	q8_0	9	probe_long2k_a.txt	115	1035	9	0	0	230400	195.71	0	0	73.0
armA	q8_0	9	probe_long2k_a.txt	116	1044	9	0	0	230400	205.719	0	0	79.2
armA	q8_0	9	probe_long2k_a.txt	117	1053	9	0	0	230400	199.591	0	0	70.3
armA	q8_0	9	probe_long2k_a.txt	118	1062	9	0	0	230400	236.385	0	0	70.2
armA	q8_0	9	probe_long2k_a.txt	119	1071	9	0	0	230400	234.559	0	0	70.2
armA	q8_0	9	probe_long2k_a.txt	120	1080	9	0	0	230400	190.723	0	0	70.1
armA	q8_0	9	probe_long2k_a.txt	121	1089	9	0	0	230400	192.222	0	0	70.1
armA	q8_0	9	probe_long2k_a.txt	122	1098	9	0	0	230400	210.868	0	0	70.1
armA	q8_0	9	probe_long2k_a.txt	123	1107	9	0	0	230400	233.196	0	0	70.1
armA	q8_0	9	probe_long2k_a.txt	124	1116	9	0	0	230400	236.93	0	0	113.2
armA	q8_0	9	probe_long2k_a.txt	125	1125	9	0	0	230400	223.147	0	0	70.1
armA	q8_0	9	probe_long2k_a.txt	126	1134	9	0	0	230400	223.243	0	0	70.0
armA	q8_0	9	probe_long2k_a.txt	127	1143	9	0	0	230400	225.309	0	0	70.0
armA	q8_0	9	probe_long2k_a.txt	128	1152	9	0	0	230400	201.889	0	0	70.0
armA	q8_0	9	probe_long2k_a.txt	129	1161	9	0	0	230400	194.37	0	0	79.2
armA	q8_0	9	probe_long2k_a.txt	130	1170	9	0	0	230400	233.323	0	0	70.0
armA	q8_0	9	probe_long2k_a.txt	131	1179	9	0	0	230400	216.55	0	0	70.1
armA	q8_0	9	probe_long2k_a.txt	132	1188	9	0	0	230400	218.313	0	0	70.1
armA	q8_0	9	probe_long2k_a.txt	133	1197	9	0	0	230400	219.082	0	0	70.2
armA	q8_0	9	probe_long2k_a.txt	134	1206	9	0	0	230400	209.976	0	0	70.1
armA	q8_0	9	probe_long2k_a.txt	135	1215	9	0	0	230400	217.951	0	0	70.2
armA	q8_0	9	probe_long2k_a.txt	136	1224	9	0	0	230400	220.48	0	0	70.2
armA	q8_0	9	probe_long2k_a.txt	137	1233	9	0	0	230400	207.335	0	0	70.0
armA	q8_0	9	probe_long2k_a.txt	138	1242	9	0	0	230400	213.664	0	0	70.1
armA	q8_0	9	probe_long2k_a.txt	139	1251	9	0	0	230400	220.38	0	0	70.0
armA	q8_0	9	probe_long2k_a.txt	140	1260	9	0	0	230400	219.744	0	0	70.0
armA	q8_0	9	probe_long2k_a.txt	141	1269	9	0	0	230400	219.842	0	0	70.0
armA	q8_0	9	probe_long2k_a.txt	142	1278	9	0	0	230400	220.835	0	0	71.4
armA	q8_0	9	probe_long2k_a.txt	143	1287	9	0	0	230400	218.812	0	0	81.3
armA	q8_0	9	probe_long2k_a.txt	144	1296	9	0	0	230400	182.919	0	0	70.2
armA	q8_0	9	probe_long2k_a.txt	145	1305	9	0	0	230400	208.379	0	0	70.1
armA	q8_0	9	probe_long2k_a.txt	146	1314	9	0	0	230400	229.445	0	0	70.1
armA	q8_0	9	probe_long2k_a.txt	147	1323	9	0	0	230400	199.56	0	0	70.2
armA	q8_0	9	probe_long2k_a.txt	148	1332	9	0	0	230400	226.645	0	0	70.2
armA	q8_0	9	probe_long2k_a.txt	149	1341	9	0	0	230400	240.907	0	0	70.1
armA	q8_0	9	probe_long2k_a.txt	150	1350	9	0	0	230400	245.789	0	0	70.1
armA	q8_0	9	probe_long2k_a.txt	151	1359	9	0	0	230400	224.577	0	0	70.1
armA	q8_0	9	probe_long2k_a.txt	152	1368	9	0	0	230400	217.244	0	0	70.0
armA	q8_0	9	probe_long2k_a.txt	153	1377	9	0	0	230400	234.385	0	0	70.1
armA	q8_0	9	probe_long2k_a.txt	154	1386	9	0	0	230400	227.149	0	0	70.1
armA	q8_0	9	probe_long2k_a.txt	155	1395	9	0	0	230400	251.369	0	0	126.0
armA	q8_0	9	probe_long2k_a.txt	156	1404	9	0	0	230400	234.385	0	0	141.3
armA	q8_0	9	probe_long2k_a.txt	157	1413	9	0	0	230400	235.119	0	0	70.9
armA	q8_0	9	probe_long2k_a.txt	158	1422	9	0	0	230400	231.036	0	0	71.0
armA	q8_0	9	probe_long2k_a.txt	159	1431	9	0	0	230400	224.057	0	0	71.0
armA	q8_0	9	probe_long2k_a.txt	160	1440	9	0	0	230400	218.427	0	0	71.1
armA	q8_0	9	probe_long2k_a.txt	161	1449	9	0	0	230400	191.076	0	0	70.9
armA	q8_0	9	probe_long2k_a.txt	162	1458	9	0	0	230400	183.18	0	0	70.9
armA	q8_0	9	probe_long2k_a.txt	163	1467	9	0	0	230400	173.712	0	0	70.9
armA	q8_0	9	probe_long2k_a.txt	164	1476	9	0	0	230400	202.773	0	0	71.0
armA	q8_0	9	probe_long2k_a.txt	165	1485	9	0	0	230400	182.077	0	0	73.2
armA	q8_0	9	probe_long2k_a.txt	166	1494	9	0	0	230400	211.79	0	0	72.7
armA	q8_0	9	probe_long2k_a.txt	167	1503	9	0	0	230400	165.644	0	0	72.7
armA	q8_0	9	probe_long2k_a.txt	168	1512	9	0	0	230400	194.539	0	0	72.7
armA	q8_0	9	probe_long2k_a.txt	169	1521	9	0	0	230400	194.302	0	0	81.5
armA	q8_0	9	probe_long2k_a.txt	170	1530	9	0	0	230400	223.662	0	0	76.1
armA	q8_0	9	probe_long2k_a.txt	171	1539	9	0	0	230400	204.424	0	0	76.6
armA	q8_0	9	probe_long2k_a.txt	172	1548	9	0	0	230400	196.209	0	0	72.2
armA	q8_0	9	probe_long2k_a.txt	173	1557	9	0	0	230400	226.298	0	0	72.1
armA	q8_0	9	probe_long2k_a.txt	174	1566	9	0	0	230400	201.513	0	0	71.9
armA	q8_0	9	probe_long2k_a.txt	175	1575	9	0	0	230400	178.212	0	0	71.6
armA	q8_0	9	probe_long2k_a.txt	176	1584	9	0	0	230400	203.087	0	0	70.9
armA	q8_0	9	probe_long2k_a.txt	177	1593	9	0	0	230400	199.21	0	0	71.2
armA	q8_0	9	probe_long2k_a.txt	178	1602	9	0	0	230400	209.34	0	0	70.4
armA	q8_0	9	probe_long2k_a.txt	179	1611	9	0	0	230400	197.307	0	0	70.4
armA	q8_0	9	probe_long2k_a.txt	180	1620	9	0	0	230400	215.074	0	0	70.5
armA	q8_0	9	probe_long2k_a.txt	181	1629	9	0	0	230400	175.654	0	0	70.4
armA	q8_0	9	probe_long2k_a.txt	182	1638	9	0	0	230400	168.224	0	0	79.7
armA	q8_0	9	probe_long2k_a.txt	183	1647	9	0	0	230400	220.14	0	0	70.5
armA	q8_0	9	probe_long2k_a.txt	184	1656	9	0	0	230400	230.197	0	0	70.4
armA	q8_0	9	probe_long2k_a.txt	185	1665	9	0	0	230400	228.771	0	0	70.3
armA	q8_0	9	probe_long2k_a.txt	186	1674	9	0	0	230400	211.25	0	0	128.6
armA	q8_0	9	probe_long2k_a.txt	187	1683	9	0	0	230400	185.342	0	0	70.4
armA	q8_0	9	probe_long2k_a.txt	188	1692	9	0	0	230400	191.065	0	0	70.4
armA	q8_0	9	probe_long2k_a.txt	189	1701	9	0	0	230400	220.533	0	0	72.3
armA	q8_0	9	probe_long2k_a.txt	190	1710	9	0	0	230400	214.587	0	0	70.7
armA	q8_0	9	probe_long2k_a.txt	191	1719	9	0	0	230400	214.388	0	0	70.3
armA	q8_0	9	probe_long2k_a.txt	192	1728	9	0	0	230400	197.37	0	0	70.5
armA	q8_0	9	probe_long2k_a.txt	193	1737	9	0	0	230400	212.918	0	0	70.4
armA	q8_0	9	probe_long2k_a.txt	194	1746	9	0	0	230400	208.695	0	0	70.4
armA	q8_0	9	probe_long2k_a.txt	195	1755	9	0	0	230400	204.797	0	0	79.0
armA	q8_0	9	probe_long2k_a.txt	196	1764	9	0	0	230400	198.425	0	0	70.3
armA	q8_0	9	probe_long2k_a.txt	197	1773	9	0	0	230400	222.289	0	0	70.3
armA	q8_0	9	probe_long2k_a.txt	198	1782	9	0	0	230400	205.424	0	0	70.3
armA	q8_0	9	probe_long2k_a.txt	199	1791	9	0	0	230400	211.576	0	0	71.8
armA	q8_0	9	probe_long2k_a.txt	200	1800	9	0	0	230400	218.783	0	0	72.3
armA	q8_0	9	probe_long2k_a.txt	201	1809	9	0	0	230400	236.054	0	0	70.5
armA	q8_0	9	probe_long2k_a.txt	202	1818	9	0	0	230400	215.214	0	0	70.5
armA	q8_0	9	probe_long2k_a.txt	203	1827	9	0	0	230400	197.093	0	0	70.5
armA	q8_0	9	probe_long2k_a.txt	204	1836	9	0	0	230400	204.264	0	0	70.4
armA	q8_0	9	probe_long2k_a.txt	205	1845	9	0	0	230400	184.707	0	0	70.5
armA	q8_0	9	probe_long2k_a.txt	206	1854	9	0	0	230400	182.829	0	0	70.5
armA	q8_0	9	probe_long2k_a.txt	207	1863	9	0	0	230400	202.372	0	0	70.4
armA	q8_0	9	probe_long2k_a.txt	208	1872	9	0	0	230400	206.904	0	0	70.6
armA	q8_0	9	probe_long2k_a.txt	209	1881	9	0	0	230400	196.061	0	0	79.2
armA	q8_0	9	probe_long2k_a.txt	210	1890	9	0	0	230400	208.131	0	0	70.4
armA	q8_0	9	probe_long2k_a.txt	211	1899	9	0	0	230400	213.48	0	0	70.4
armA	q8_0	9	probe_long2k_a.txt	212	1908	9	0	0	230400	211.966	0	0	70.4
armA	q8_0	9	probe_long2k_a.txt	213	1917	9	0	0	230400	231.342	0	0	70.3
armA	q8_0	9	probe_long2k_a.txt	214	1926	9	0	0	230400	213.973	0	0	70.4
armA	q8_0	9	probe_long2k_a.txt	215	1935	9	0	0	230400	217.665	0	0	70.4
armA	q8_0	9	probe_long2k_a.txt	216	1944	9	0	0	230400	211.431	0	0	70.3
armA	q8_0	9	probe_long2k_a.txt	217	1953	9	0	0	230400	216.814	0	0	143.5
armA	q8_0	9	probe_long2k_a.txt	218	1962	9	0	0	230400	211.332	0	0	70.4
armA	q8_0	9	probe_long2k_a.txt	219	1971	9	0	0	230400	205.547	0	0	70.3
armA	q8_0	9	probe_long2k_a.txt	220	1980	9	0	0	230400	217.065	0	0	70.5
armA	q8_0	9	probe_long2k_a.txt	221	1989	9	0	0	230400	214.103	0	0	143.1
armA	q8_0	9	probe_long2k_a.txt	222	1998	9	0	0	230400	209.249	0	0	70.3
armA	q8_0	9	probe_long2k_a.txt	223	2007	9	0	0	230400	220.065	0	0	70.3
armA	q8_0	9	probe_long2k_a.txt	224	2016	9	0	0	230400	226.178	0	0	70.3
armA	q8_0	9	probe_long2k_a.txt	225	2025	9	0	0	230400	192.704	0	0	70.1
armA	q8_0	9	probe_long2k_a.txt	226	2034	9	0	0	230400	200.399	0	0	70.2
armA	q8_0	9	probe_long2k_a.txt	227	2043	9	0	0	230400	224.559	0	0	72.2
armA	q8_0	9	probe_long2k_a.txt	228	2052	9	0	0	230400	206.829	0	0	75.3
armA	q8_0	9	probe_long2k_a.txt	229	2061	9	0	0	230400	210.769	0	0	71.0
armA	q8_0	9	probe_long2k_a.txt	230	2070	9	0	0	230400	225.579	0	0	71.0
armA	q8_0	9	probe_long2k_a.txt	231	2079	9	0	0	230400	213.42	0	0	70.9
armA	q8_0	9	probe_long2k_a.txt	232	2088	9	0	0	230400	231.306	0	0	70.9
armA	q8_0	9	probe_long2k_a.txt	233	2097	9	0	0	230400	224.259	0	0	71.0
armA	q8_0	9	probe_long2k_a.txt	234	2106	9	0	0	230400	193.926	0	0	71.0
armA	q8_0	9	probe_long2k_a.txt	235	2115	9	0	0	230400	232.278	0	0	80.0
armA	q8_0	9	probe_long2k_a.txt	236	2124	9	0	0	230400	219.866	0	0	70.9
armA	q8_0	9	probe_long2k_a.txt	237	2133	9	0	0	230400	216.489	0	0	70.8
armA	q8_0	9	probe_long2k_a.txt	238	2142	9	0	0	230400	214.308	0	0	70.9
armA	q8_0	9	probe_long2k_a.txt	239	2151	9	0	0	230400	235.208	0	0	70.9
armA	q8_0	9	probe_long2k_a.txt	240	2160	9	0	0	230400	219.379	0	0	70.8
armA	q8_0	9	probe_long2k_a.txt	241	2169	9	0	0	230400	231.16	0	0	70.8
armA	q8_0	9	probe_long2k_a.txt	242	2178	9	0	0	230400	204.394	0	0	70.7
armA	q8_0	9	probe_long2k_a.txt	243	2187	9	0	0	230400	209.436	0	0	70.7
armA	q8_0	9	probe_long2k_a.txt	244	2196	9	0	0	230400	208.442	0	0	70.7
armA	q8_0	9	probe_long2k_a.txt	245	2205	9	0	0	230400	202.957	0	0	70.7
armA	q8_0	9	probe_long2k_a.txt	246	2214	9	0	0	230400	208.379	0	0	70.8
armA	q8_0	9	probe_long2k_a.txt	247	2223	9	0	0	230400	230.27	0	0	70.7
armA	q8_0	9	probe_long2k_a.txt	248	2232	9	0	0	230400	187.727	0	0	160.0
armA	q8_0	9	probe_long2k_a.txt	249	2241	9	0	0	230400	213.18	0	0	70.9
armA	q8_0	9	probe_long2k_a.txt	250	2250	9	0	0	230400	186.506	0	0	70.9
armA	q8_0	9	probe_long2k_a.txt	251	2259	9	0	0	230400	187.698	0	0	72.4
armA	q8_0	9	probe_long2k_a.txt	252	2268	5	0	0	128000	194.791	0	0	149.2
armA	q8_0	36	probe_long2k_a.txt	0	0	36	0	0	921600	281.595	0	0	124.2
armA	q8_0	36	probe_long2k_a.txt	1	36	36	0	0	921600	213.487	0	0	117.6
armA	q8_0	36	probe_long2k_a.txt	2	72	36	0	0	921600	235.819	0	0	121.6
armA	q8_0	36	probe_long2k_a.txt	3	108	36	0	0	921600	230.818	0	0	113.8
armA	q8_0	36	probe_long2k_a.txt	4	144	36	0	0	921600	221.24	0	0	105.2
armA	q8_0	36	probe_long2k_a.txt	5	180	36	0	0	921600	241.512	0	0	105.2
armA	q8_0	36	probe_long2k_a.txt	6	216	36	0	0	921600	226.249	0	0	105.3
armA	q8_0	36	probe_long2k_a.txt	7	252	36	0	0	921600	221.247	0	0	106.7
armA	q8_0	36	probe_long2k_a.txt	8	288	36	0	0	921600	209.859	0	0	128.7
armA	q8_0	36	probe_long2k_a.txt	9	324	36	0	0	921600	215.966	0	0	104.8
armA	q8_0	36	probe_long2k_a.txt	10	360	36	0	0	921600	234.627	0	0	105.5
armA	q8_0	36	probe_long2k_a.txt	11	396	36	0	0	921600	229.733	0	0	105.5
armA	q8_0	36	probe_long2k_a.txt	12	432	36	0	0	921600	273.293	0	0	114.6
armA	q8_0	36	probe_long2k_a.txt	13	468	36	0	0	921600	250.984	0	0	105.4
armA	q8_0	36	probe_long2k_a.txt	14	504	36	0	0	921600	227.981	0	0	107.1
armA	q8_0	36	probe_long2k_a.txt	15	540	36	0	0	921600	237.518	0	0	107.2
armA	q8_0	36	probe_long2k_a.txt	16	576	36	0	0	921600	242.077	0	0	130.1
armA	q8_0	36	probe_long2k_a.txt	17	612	36	0	0	921600	226.72	0	0	106.0
armA	q8_0	36	probe_long2k_a.txt	18	648	36	0	0	921600	226.295	0	0	106.0
armA	q8_0	36	probe_long2k_a.txt	19	684	36	0	0	921600	218.912	0	0	105.9
armA	q8_0	36	probe_long2k_a.txt	20	720	36	0	0	921600	225.648	0	0	106.3
armA	q8_0	36	probe_long2k_a.txt	21	756	36	0	0	921600	248.475	0	0	179.4
armA	q8_0	36	probe_long2k_a.txt	22	792	36	0	0	921600	234.359	0	0	108.2
armA	q8_0	36	probe_long2k_a.txt	23	828	36	0	0	921600	208.284	0	0	106.7
armA	q8_0	36	probe_long2k_a.txt	24	864	36	0	0	921600	249.145	0	0	138.0
armA	q8_0	36	probe_long2k_a.txt	25	900	36	0	0	921600	219.959	0	0	106.4
armA	q8_0	36	probe_long2k_a.txt	26	936	36	0	0	921600	238.178	0	0	106.4
armA	q8_0	36	probe_long2k_a.txt	27	972	36	0	0	921600	238.467	0	0	106.4
armA	q8_0	36	probe_long2k_a.txt	28	1008	36	0	0	921600	238.742	0	0	107.9
armA	q8_0	36	probe_long2k_a.txt	29	1044	36	0	0	921600	236.392	0	0	117.2
armA	q8_0	36	probe_long2k_a.txt	30	1080	36	0	0	921600	233.625	0	0	107.1
armA	q8_0	36	probe_long2k_a.txt	31	1116	36	0	0	921600	236.462	0	0	107.3
armA	q8_0	36	probe_long2k_a.txt	32	1152	36	0	0	921600	233.695	0	0	148.1
armA	q8_0	36	probe_long2k_a.txt	33	1188	36	0	0	921600	219.14	0	0	107.0
armA	q8_0	36	probe_long2k_a.txt	34	1224	36	0	0	921600	220.168	0	0	106.9
armA	q8_0	36	probe_long2k_a.txt	35	1260	36	0	0	921600	220.507	0	0	108.7
armA	q8_0	36	probe_long2k_a.txt	36	1296	36	0	0	921600	228.545	0	0	109.0
armA	q8_0	36	probe_long2k_a.txt	37	1332	36	0	0	921600	244.029	0	0	107.3
armA	q8_0	36	probe_long2k_a.txt	38	1368	36	0	0	921600	250.54	0	0	116.5
armA	q8_0	36	probe_long2k_a.txt	39	1404	36	0	0	921600	236.173	0	0	107.4
armA	q8_0	36	probe_long2k_a.txt	40	1440	36	0	0	921600	218.434	0	0	159.4
armA	q8_0	36	probe_long2k_a.txt	41	1476	36	0	0	921600	211.342	0	0	111.7
armA	q8_0	36	probe_long2k_a.txt	42	1512	36	0	0	921600	223.523	0	0	119.1
armA	q8_0	36	probe_long2k_a.txt	43	1548	36	0	0	921600	226.905	0	0	124.1
armA	q8_0	36	probe_long2k_a.txt	44	1584	36	0	0	921600	211.459	0	0	118.5
armA	q8_0	36	probe_long2k_a.txt	45	1620	36	0	0	921600	220.011	0	0	118.3
armA	q8_0	36	probe_long2k_a.txt	46	1656	36	0	0	921600	228.477	0	0	128.1
armA	q8_0	36	probe_long2k_a.txt	47	1692	36	0	0	921600	219.81	0	0	118.9
armA	q8_0	36	probe_long2k_a.txt	48	1728	36	0	0	921600	212.433	0	0	218.0
armA	q8_0	36	probe_long2k_a.txt	49	1764	36	0	0	921600	222.58	0	0	121.6
armA	q8_0	36	probe_long2k_a.txt	50	1800	36	0	0	921600	235.487	0	0	122.1
armA	q8_0	36	probe_long2k_a.txt	51	1836	36	0	0	921600	202.729	0	0	118.4
armA	q8_0	36	probe_long2k_a.txt	52	1872	36	0	0	921600	213.634	0	0	116.1
armA	q8_0	36	probe_long2k_a.txt	53	1908	36	0	0	921600	231.936	0	0	127.6
armA	q8_0	36	probe_long2k_a.txt	54	1944	36	0	0	921600	215.321	0	0	118.9
armA	q8_0	36	probe_long2k_a.txt	55	1980	36	0	0	921600	220.122	0	0	117.3
armA	q8_0	36	probe_long2k_a.txt	56	2016	36	0	0	921600	226.171	0	0	232.3
armA	q8_0	36	probe_long2k_a.txt	57	2052	36	0	0	921600	225.978	0	0	116.3
armA	q8_0	36	probe_long2k_a.txt	58	2088	36	0	0	921600	231.766	0	0	110.0
armA	q8_0	36	probe_long2k_a.txt	59	2124	36	0	0	921600	234.591	0	0	112.7
armA	q8_0	36	probe_long2k_a.txt	60	2160	36	0	0	921600	231.791	0	0	189.8
armA	q8_0	36	probe_long2k_a.txt	61	2196	36	0	0	921600	229.575	0	0	120.5
armA	q8_0	36	probe_long2k_a.txt	62	2232	36	0	0	921600	213.095	0	0	120.3
armA	q8_0	36	probe_long2k_a.txt	63	2268	5	0	0	128000	195.549	0	0	192.7
armA	q8_0	512	probe_long2k_a.txt	0	0	512	0	0	13107200	280.837	0	0	1036.1
armA	q8_0	512	probe_long2k_a.txt	1	512	512	0	0	13107200	249.294	0	0	1047.5
armA	q8_0	512	probe_long2k_a.txt	2	1024	512	0	0	13107200	248.556	0	0	1087.7
armA	q8_0	512	probe_long2k_a.txt	3	1536	512	0	0	13107200	237.088	0	0	913.4
armA	q8_0	512	probe_long2k_a.txt	4	2048	225	0	0	5760000	234.939	0	0	673.6
armA	q8_0	2048	probe_long2k_a.txt	0	0	2048	0	0	52428800	280.827	0	0	3787.7
armA	q8_0	2048	probe_long2k_a.txt	1	2048	225	0	0	5760000	234.867	0	0	646.5
